page_id,word_count,content_age_days,days_since_update,monthly_traffic,search_volume,avg_position,ctr,engagement_rate,bounce_rate,backlinks,content_quality,refresh_score,priority
PAGE_0001,3674,531,263,38970,13880,34.1,0.091,0.209,0.299,969,0.84,0.384022550959265,Medium
PAGE_0002,1360,1017,631,31130,6689,25.94,0.0143,0.462,0.343,243,0.949,0.5322064301686632,Medium
PAGE_0003,1794,1166,343,30973,34912,43.21,0.1061,0.31,0.717,668,0.523,0.6401618198412168,Medium
PAGE_0004,1630,143,595,719,93764,43.44,0.142,0.736,0.362,463,0.767,0.3530078012985583,Medium
PAGE_0005,1595,1275,41,33750,46039,1.49,0.1587,0.323,0.294,448,0.606,0.45032018252679024,Medium
PAGE_0006,3592,976,238,25472,51593,39.12,0.1692,0.849,0.235,912,0.843,0.3609716309287159,Medium
PAGE_0007,2138,860,43,3742,93426,23.58,0.2107,0.858,0.72,797,0.77,0.2720745636119549,Low
PAGE_0008,2669,1317,662,28101,41053,49.45,0.0617,0.267,0.204,793,0.494,0.6722787826223527,High
PAGE_0009,966,954,447,34164,65885,24.68,0.0389,0.622,0.463,436,0.469,0.5113566073925389,Medium
PAGE_0010,1738,84,466,29390,19409,49.36,0.2144,0.175,0.506,892,0.402,0.41233599729395437,Medium
PAGE_0011,830,829,406,14222,54295,37.97,0.0476,0.433,0.65,749,0.661,0.5212429448142996,Medium
PAGE_0012,1982,807,49,24920,26001,13.18,0.2439,0.706,0.607,530,0.971,0.28740660526685496,Low
PAGE_0013,2635,191,616,2995,23676,27.38,0.2122,0.661,0.749,564,0.36,0.38754376499376686,Medium
PAGE_0014,3944,1433,784,5466,31608,49.61,0.1302,0.631,0.136,596,0.276,0.614616353548305,Medium
PAGE_0015,3671,116,764,8811,74811,43.02,0.2455,0.34,0.337,272,0.296,0.4083313386484931,Medium
PAGE_0016,3419,84,99,19696,25564,5.77,0.0334,0.421,0.324,429,0.826,0.29906574882187964,Low
PAGE_0017,630,1231,853,18893,60381,35.61,0.0827,0.188,0.217,871,0.48,0.6653975539632617,High
PAGE_0018,2185,1444,240,8299,16360,17.93,0.1632,0.711,0.331,212,0.379,0.5236698027916257,Medium
PAGE_0019,3880,1402,130,10817,35540,1.34,0.094,0.528,0.348,948,0.482,0.5000653387212763,Medium
PAGE_0020,1269,1061,727,36291,95182,20.77,0.2328,0.702,0.518,872,0.716,0.5301619931026693,Medium
PAGE_0021,2891,862,161,10311,56783,12.5,0.0258,0.312,0.631,103,0.637,0.5956287009165071,Medium
PAGE_0022,2015,342,652,45650,41530,41.12,0.1419,0.376,0.405,191,0.795,0.5038594049475955,Medium
PAGE_0023,3985,788,410,23460,2087,17.53,0.1518,0.384,0.676,940,0.471,0.5264847701492135,Medium
PAGE_0024,3353,472,161,21642,25205,41.55,0.1667,0.122,0.369,688,0.562,0.4077518252922519,Medium
PAGE_0025,2933,357,49,31412,78584,1.03,0.0714,0.39,0.332,658,0.282,0.42598755817477213,Medium
PAGE_0026,1715,1107,565,45342,13126,16.08,0.0975,0.783,0.533,379,0.258,0.5774309206987327,Medium
PAGE_0027,1455,790,256,36535,68409,12.82,0.2125,0.863,0.119,966,0.57,0.3003533299874808,Low
PAGE_0028,2824,1292,183,28347,46027,12.44,0.0568,0.54,0.164,80,0.441,0.4782474471192339,Medium
PAGE_0029,1684,1282,834,22457,75514,4.34,0.2084,0.487,0.434,704,0.69,0.5135123937827374,Medium
PAGE_0030,959,608,771,41145,57635,10.17,0.145,0.126,0.854,548,0.234,0.7109240379826484,High
PAGE_0031,3885,1104,498,27791,43046,28.22,0.1929,0.847,0.677,376,0.297,0.5115834675251716,Medium
PAGE_0032,521,1036,851,12524,56661,15.28,0.1813,0.111,0.171,837,0.892,0.5143636893032786,Medium
PAGE_0033,2800,1317,434,18952,10477,21.45,0.0598,0.903,0.777,153,0.653,0.5438076553643671,Medium
PAGE_0034,1247,1471,231,22701,53692,19.47,0.1465,0.516,0.686,641,0.77,0.5650203212896286,Medium
PAGE_0035,3404,125,67,18120,7447,43.92,0.2183,0.391,0.589,570,0.874,0.2630989392832184,Low
PAGE_0036,974,1141,801,8255,33876,45.36,0.1137,0.886,0.756,735,0.571,0.5610941178594228,Medium
PAGE_0037,1582,1131,217,3683,3883,25.15,0.242,0.121,0.423,760,0.809,0.3921626298445866,Medium
PAGE_0038,3058,1341,86,15615,55898,17.18,0.1185,0.594,0.277,239,0.62,0.4275047229366005,Medium
PAGE_0039,2547,1173,49,36877,4398,6.23,0.0443,0.567,0.51,373,0.378,0.5397511696391499,Medium
PAGE_0040,3247,843,302,19810,70304,47.72,0.1035,0.286,0.539,900,0.47,0.5110239697599256,Medium
PAGE_0041,1475,520,148,43278,86307,3.95,0.2384,0.465,0.531,804,0.592,0.3250938219768625,Low
PAGE_0042,2306,481,612,24632,55261,15.58,0.0867,0.654,0.552,798,0.454,0.5181498689802385,Medium
PAGE_0043,689,194,545,18701,60752,15.61,0.2183,0.718,0.859,203,0.468,0.421005830050858,Medium
PAGE_0044,3505,211,250,5067,34584,16.7,0.2215,0.101,0.822,610,0.47,0.3665848023189112,Medium
PAGE_0045,3234,498,555,18853,98714,9.05,0.094,0.896,0.801,349,0.298,0.5310325744874252,Medium
PAGE_0046,3505,939,544,20122,21022,39.37,0.03,0.24,0.741,687,0.268,0.6610530996006784,High
PAGE_0047,1062,764,757,43563,34128,7.0,0.1839,0.299,0.855,773,0.237,0.6490069344438604,Medium
PAGE_0048,2399,852,770,9235,20416,32.11,0.0848,0.324,0.179,782,0.289,0.6036886597038561,Medium
PAGE_0049,1767,973,365,5822,77096,7.07,0.1979,0.132,0.312,142,0.475,0.46549245746843887,Medium
PAGE_0050,3379,36,727,27513,17068,4.46,0.1162,0.205,0.496,188,0.675,0.514330571675592,Medium
PAGE_0051,2028,359,84,27336,30366,45.56,0.1265,0.938,0.777,271,0.351,0.3301140575364307,Low
PAGE_0052,3702,804,529,15614,95845,10.32,0.1967,0.368,0.504,531,0.91,0.42494744887393165,Medium
PAGE_0053,1146,180,795,43996,24100,41.24,0.1018,0.198,0.698,844,0.847,0.5638986918567623,Medium
PAGE_0054,2568,1138,565,37312,14111,27.69,0.1164,0.191,0.211,299,0.616,0.551503876709199,Medium
PAGE_0055,3388,176,191,40486,2966,4.81,0.1003,0.712,0.302,425,0.779,0.2546258113905483,Low
PAGE_0056,2714,1434,699,20431,5998,47.82,0.0982,0.826,0.685,45,0.493,0.6344686700117543,Medium
PAGE_0057,1797,944,623,18160,18495,13.1,0.1362,0.318,0.232,94,0.229,0.6015561867282441,Medium
PAGE_0058,2935,1338,188,1296,39119,43.12,0.2041,0.118,0.381,929,0.923,0.49210700592160395,Medium
PAGE_0059,1100,729,217,12397,4106,9.27,0.0968,0.29,0.312,63,0.302,0.4672585742840875,Medium
PAGE_0060,2863,111,89,2887,34493,42.84,0.1358,0.148,0.38,412,0.958,0.26854531881379506,Low
PAGE_0061,2561,543,846,23916,11056,1.65,0.171,0.188,0.667,642,0.658,0.572659937852204,Medium
PAGE_0062,741,844,348,40795,50142,26.08,0.0747,0.467,0.394,8,0.444,0.524400886204682,Medium
PAGE_0063,2541,738,240,19802,96299,38.7,0.0766,0.295,0.544,458,0.596,0.4806159334134125,Medium
PAGE_0064,3324,775,435,25342,6178,46.8,0.234,0.539,0.18,714,0.601,0.38625690103658467,Medium
PAGE_0065,3917,1052,693,2276,29731,45.55,0.1836,0.315,0.744,408,0.219,0.6380883341230899,Medium
PAGE_0066,3112,1439,138,20227,95776,41.16,0.1485,0.899,0.396,469,0.484,0.3783576956484545,Medium
PAGE_0067,3445,736,105,41660,63001,44.52,0.1655,0.87,0.619,809,0.792,0.33166992510163695,Low
PAGE_0068,1863,500,571,27328,69597,10.76,0.017,0.582,0.68,505,0.608,0.5762832397499429,Medium
PAGE_0069,2639,1172,343,20308,94913,14.93,0.1583,0.401,0.268,685,0.395,0.5396484079578717,Medium
PAGE_0070,1890,425,146,28582,41674,15.16,0.1323,0.424,0.808,72,0.468,0.3873741171963974,Medium
PAGE_0071,3503,290,897,9271,31517,19.48,0.141,0.45,0.593,83,0.89,0.4713815484543144,Medium
PAGE_0072,1978,834,733,35319,88120,20.27,0.0963,0.718,0.443,58,0.62,0.5245271438429268,Medium
PAGE_0073,3999,963,48,33496,83739,27.68,0.0296,0.484,0.246,20,0.623,0.4948654118692032,Medium
PAGE_0074,3056,1309,461,42689,65106,8.83,0.0564,0.828,0.854,457,0.969,0.546911735928406,Medium
PAGE_0075,1275,934,714,40646,94981,34.87,0.2382,0.902,0.704,917,0.457,0.45163449935923616,Medium
PAGE_0076,534,1279,769,3796,39554,9.21,0.1081,0.386,0.266,156,0.584,0.629864436164866,Medium
PAGE_0077,2753,1106,379,20158,1687,16.21,0.122,0.577,0.37,830,0.849,0.48937257566277226,Medium
PAGE_0078,3652,969,212,20413,54810,25.66,0.0227,0.181,0.748,328,0.807,0.6095902793999362,Medium
PAGE_0079,2455,883,142,19249,86667,40.03,0.019,0.27,0.657,572,0.413,0.6008428338187228,Medium
PAGE_0080,2085,1417,212,45840,91848,37.23,0.1821,0.451,0.713,575,0.321,0.5758134154576894,Medium
PAGE_0081,3959,1333,510,41175,75986,32.63,0.1391,0.275,0.453,836,0.761,0.50212409738314,Medium
PAGE_0082,3573,622,175,5056,18916,8.63,0.1321,0.845,0.673,679,0.406,0.4066322158738336,Medium
PAGE_0083,1521,743,860,10295,85924,27.81,0.0683,0.235,0.409,202,0.938,0.5899419856537299,Medium
PAGE_0084,3961,1211,657,17176,29532,5.28,0.1887,0.487,0.269,640,0.303,0.5612993764391339,Medium
PAGE_0085,3113,661,142,1205,48717,19.49,0.0504,0.615,0.606,756,0.455,0.49106188551356983,Medium
PAGE_0086,1629,88,792,15517,72473,21.26,0.0556,0.688,0.881,105,0.244,0.5914433992501525,Medium
PAGE_0087,2000,157,505,24829,34317,2.95,0.1206,0.426,0.348,832,0.763,0.37358865940547153,Medium
PAGE_0088,1202,765,792,47056,20984,14.43,0.0787,0.839,0.469,121,0.913,0.5194999316495676,Medium
PAGE_0089,2949,750,332,30199,5554,47.83,0.0694,0.583,0.639,317,0.709,0.4717801163645073,Medium
PAGE_0090,3277,1168,854,32698,75060,47.73,0.1649,0.474,0.533,181,0.95,0.5648607332752847,Medium
PAGE_0091,2079,1262,147,30061,43718,18.26,0.1662,0.157,0.775,614,0.303,0.6253892717237898,Medium
PAGE_0092,661,555,842,12702,84048,3.11,0.2079,0.495,0.709,315,0.27,0.5476510485735144,Medium
PAGE_0093,701,550,190,9356,62771,9.78,0.1103,0.798,0.147,813,0.871,0.23749996559071446,Low
PAGE_0094,2481,581,430,20684,47211,20.22,0.0275,0.622,0.899,772,0.884,0.5562104268917479,Medium
PAGE_0095,1495,266,227,47080,39713,47.44,0.0757,0.807,0.702,624,0.865,0.32720975100051886,Low
PAGE_0096,2817,1334,289,34781,85778,7.92,0.2452,0.52,0.791,405,0.839,0.4805418618394719,Medium
PAGE_0097,1315,1412,689,25892,60093,38.41,0.1531,0.201,0.621,985,0.49,0.6357581468225695,Medium
PAGE_0098,3842,1254,781,22004,8948,6.33,0.1803,0.112,0.785,948,0.374,0.6523340077622954,High
PAGE_0099,955,1331,76,43461,78772,49.08,0.0118,0.358,0.19,69,0.943,0.48155245730591334,Medium
PAGE_0100,1775,1288,428,34640,66225,19.7,0.1344,0.693,0.378,159,0.446,0.5182288248907603,Medium
PAGE_0101,1516,523,739,26636,86544,38.99,0.019,0.772,0.801,239,0.519,0.610264498805477,Medium
PAGE_0102,2843,33,588,19264,61702,17.79,0.1466,0.351,0.261,522,0.76,0.4258479307449618,Medium
PAGE_0103,3267,695,107,13096,72145,31.76,0.231,0.521,0.163,137,0.435,0.2717741898470729,Low
PAGE_0104,837,471,153,2971,42322,10.41,0.2424,0.458,0.73,494,0.855,0.3150556368273929,Low
PAGE_0105,1378,58,104,46102,49323,8.16,0.1397,0.449,0.768,678,0.256,0.450798427011922,Medium
PAGE_0106,1576,1162,166,49912,65433,46.97,0.12,0.297,0.23,246,0.833,0.4020325188173225,Medium
PAGE_0107,1291,639,631,22726,52832,45.96,0.2368,0.216,0.783,865,0.681,0.4987004111490373,Medium
PAGE_0108,2764,834,429,10621,49520,44.49,0.1717,0.267,0.649,542,0.658,0.45909477721328534,Medium
PAGE_0109,1263,104,866,43510,75604,31.65,0.0256,0.147,0.516,523,0.567,0.6783865888861687,High
PAGE_0110,2735,867,534,1232,2562,40.61,0.1218,0.268,0.764,242,0.422,0.5561504514816324,Medium
PAGE_0111,879,1199,529,33567,9560,4.38,0.0677,0.108,0.435,619,0.571,0.6741597933015256,High
PAGE_0112,992,157,602,14634,99419,17.4,0.1228,0.633,0.255,335,0.56,0.3507371122877057,Medium
PAGE_0113,3612,71,167,23954,9375,16.37,0.1193,0.369,0.328,421,0.667,0.28727101080581685,Low
PAGE_0114,1680,1409,79,43098,94313,32.15,0.1497,0.927,0.504,834,0.425,0.47032084033891874,Medium
PAGE_0115,2562,70,800,39165,13369,18.44,0.0956,0.265,0.525,193,0.262,0.5571757981422777,Medium
PAGE_0116,564,963,648,45707,66042,8.28,0.0494,0.394,0.744,307,0.316,0.717413627136812,High
PAGE_0117,3068,63,654,7912,73020,30.23,0.1309,0.404,0.733,644,0.759,0.5020942808486831,Medium
PAGE_0118,1867,1070,891,4657,22653,40.9,0.2092,0.107,0.565,906,0.218,0.7071675762362374,High
PAGE_0119,1652,1206,283,2279,24466,19.72,0.1694,0.813,0.725,505,0.885,0.45277746436531385,Medium
PAGE_0120,2527,1027,659,43898,44136,7.48,0.0912,0.127,0.253,280,0.756,0.5865779736458583,Medium
PAGE_0121,3195,1431,739,9165,17469,10.64,0.2345,0.899,0.14,802,0.814,0.43218240478057873,Medium
PAGE_0122,1995,617,878,8375,11895,12.64,0.2289,0.858,0.799,674,0.869,0.43178990490263097,Medium
PAGE_0123,3634,371,592,47957,70121,15.69,0.0602,0.555,0.16,789,0.298,0.5488180052324161,Medium
PAGE_0124,1662,56,786,36048,68254,32.5,0.0195,0.562,0.297,932,0.858,0.4742686681567932,Medium
PAGE_0125,2022,1340,455,20800,30243,30.45,0.1879,0.656,0.656,981,0.604,0.542091936011358,Medium
PAGE_0126,3140,675,576,39564,29525,35.11,0.2086,0.429,0.428,438,0.908,0.4295988427423881,Medium
PAGE_0127,891,760,331,42451,88309,18.76,0.2423,0.65,0.801,714,0.909,0.3454901788353986,Low
PAGE_0128,2198,197,610,27894,75239,41.38,0.2236,0.138,0.338,607,0.219,0.5027413787977957,Medium
PAGE_0129,918,639,378,28883,5468,11.0,0.1541,0.146,0.109,482,0.506,0.49196642344475733,Medium
PAGE_0130,2836,297,861,17098,4721,23.98,0.1372,0.489,0.341,222,0.621,0.4418424046823203,Medium
PAGE_0131,878,850,78,13969,58929,40.25,0.0167,0.567,0.562,748,0.743,0.47469355071281727,Medium
PAGE_0132,2296,484,103,44625,60394,9.83,0.0692,0.855,0.401,116,0.429,0.365335924317236,Medium
PAGE_0133,2778,935,733,28252,14819,6.38,0.1203,0.189,0.528,967,0.402,0.6403500074642907,Medium
PAGE_0134,3565,1454,290,21054,29327,44.3,0.1608,0.799,0.801,191,0.505,0.5035834313977552,Medium
PAGE_0135,2588,951,385,31655,7666,17.8,0.1437,0.279,0.83,787,0.601,0.6001931454451949,Medium
PAGE_0136,3599,1010,611,16754,12406,34.51,0.1882,0.435,0.313,617,0.961,0.45131413433219314,Medium
PAGE_0137,2682,731,631,45126,53922,2.24,0.0771,0.369,0.47,993,0.81,0.5288649887838227,Medium
PAGE_0138,700,663,289,35336,24142,34.81,0.1456,0.44,0.539,515,0.543,0.46493368562721693,Medium
PAGE_0139,2363,159,667,47076,15186,16.49,0.0312,0.228,0.859,529,0.243,0.6550777985966486,High
PAGE_0140,1279,1049,772,15142,17487,3.73,0.1093,0.528,0.899,306,0.335,0.6801200705698099,High
PAGE_0141,3477,1416,324,26066,27142,30.88,0.19,0.781,0.288,963,0.565,0.44196856143836644,Medium
PAGE_0142,3604,848,670,48507,89524,12.8,0.1764,0.475,0.682,531,0.851,0.5086753766481,Medium
PAGE_0143,3619,722,821,44414,51718,19.95,0.2478,0.517,0.402,121,0.505,0.4338054725655602,Medium
PAGE_0144,1002,1345,342,45195,92150,4.95,0.0767,0.821,0.106,648,0.631,0.4385263354900551,Medium
PAGE_0145,2954,1424,641,14370,18423,8.21,0.1296,0.7,0.107,591,0.913,0.4407192610750789,Medium
PAGE_0146,2251,823,867,31008,18119,15.6,0.0891,0.517,0.468,153,0.931,0.502397931745329,Medium
PAGE_0147,1304,58,838,15623,75526,5.4,0.1157,0.319,0.491,869,0.373,0.5584165367432341,Medium
PAGE_0148,2646,178,211,47168,40963,45.63,0.2157,0.852,0.118,536,0.235,0.22578921432732496,Low
PAGE_0149,3231,1349,715,20091,10383,1.3,0.1742,0.59,0.65,451,0.444,0.6578777444211293,High
PAGE_0150,2395,40,857,10875,18379,24.71,0.2218,0.288,0.335,168,0.757,0.35133988828745955,Medium
PAGE_0151,3273,705,393,12365,47099,7.04,0.0588,0.329,0.548,58,0.961,0.4758207152883366,Medium
PAGE_0152,2070,1166,217,19559,62880,16.08,0.2196,0.783,0.341,300,0.262,0.3978510996105957,Medium
PAGE_0153,1460,216,598,16773,23008,46.38,0.0243,0.138,0.234,552,0.223,0.5307199486627877,Medium
PAGE_0154,3160,836,572,27156,61684,8.92,0.2233,0.943,0.426,549,0.907,0.34115038874322207,Low
PAGE_0155,1985,773,625,6714,50325,48.33,0.089,0.211,0.286,116,0.799,0.48523561916661756,Medium
PAGE_0156,3190,1280,693,36120,38052,11.08,0.0855,0.777,0.528,786,0.994,0.5435981418553353,Medium
PAGE_0157,1528,1363,577,7515,37763,37.34,0.1329,0.436,0.259,781,0.517,0.5977383183337591,Medium
PAGE_0158,3789,127,754,23255,61481,27.79,0.2358,0.518,0.507,126,0.533,0.4194354841786316,Medium
PAGE_0159,1002,84,437,49530,48029,44.34,0.0215,0.849,0.226,404,0.338,0.4130776159903872,Medium
PAGE_0160,3314,652,647,43984,9443,28.15,0.0945,0.451,0.637,398,0.293,0.6388981582633312,Medium
PAGE_0161,897,693,443,17064,76273,27.19,0.2156,0.557,0.703,514,0.663,0.4331315424106333,Medium
PAGE_0162,1370,787,371,37826,39891,10.58,0.1051,0.142,0.188,804,0.491,0.4827869484912221,Medium
PAGE_0163,3342,435,249,37144,29234,9.15,0.0578,0.102,0.474,884,0.264,0.5265847881786496,Medium
PAGE_0164,892,98,192,37644,47201,45.91,0.112,0.308,0.157,497,0.91,0.2617621098923866,Low
PAGE_0165,706,1365,249,32352,69543,17.06,0.1025,0.678,0.579,941,0.359,0.5258331722870253,Medium
PAGE_0166,1538,1342,299,3932,99211,19.23,0.2297,0.203,0.312,527,0.799,0.4775841168810485,Medium
PAGE_0167,2381,780,661,25375,57630,38.23,0.1929,0.197,0.522,397,0.426,0.5858059737493901,Medium
PAGE_0168,3439,1201,877,15001,46899,17.6,0.1312,0.449,0.514,264,0.85,0.558602125169797,Medium
PAGE_0169,1984,1297,429,38313,4927,47.65,0.2472,0.651,0.839,750,0.295,0.5291069327822066,Medium
PAGE_0170,1363,987,211,34248,96243,37.16,0.1217,0.705,0.539,262,0.805,0.3770593282424449,Medium
PAGE_0171,3290,394,647,42733,62753,30.27,0.024,0.252,0.566,397,0.278,0.6468314912837132,Medium
PAGE_0172,3812,511,758,23018,13799,44.16,0.0729,0.168,0.421,645,0.558,0.6293830631114784,Medium
PAGE_0173,1063,230,234,46794,91519,3.43,0.1147,0.899,0.859,724,0.787,0.3532422473669201,Medium
PAGE_0174,1520,183,611,19640,5413,13.6,0.0477,0.322,0.722,526,0.339,0.5696720039283779,Medium
PAGE_0175,595,102,585,11680,13698,23.79,0.2374,0.825,0.328,435,0.429,0.3026906509298434,Low
PAGE_0176,2423,742,870,38502,28907,12.12,0.194,0.834,0.775,839,0.892,0.44143112896961767,Medium
PAGE_0177,2257,325,842,38678,70523,37.45,0.0744,0.757,0.446,929,0.908,0.41346956894098924,Medium
PAGE_0178,3032,1070,257,25017,69490,46.04,0.1518,0.244,0.763,359,0.236,0.6265292692255185,Medium
PAGE_0179,3978,1270,725,22418,45326,21.76,0.1831,0.799,0.758,128,0.334,0.657657810538382,High
PAGE_0180,2778,90,648,10279,59650,17.76,0.2359,0.754,0.251,863,0.294,0.323466944135713,Low
PAGE_0181,3296,968,625,12351,80172,48.12,0.2216,0.607,0.661,633,0.344,0.5429391201595315,Medium
PAGE_0182,2178,71,879,45999,3658,22.8,0.1336,0.387,0.333,240,0.976,0.44175571280003806,Medium
PAGE_0183,3742,54,279,19593,75408,24.96,0.1959,0.323,0.338,626,0.641,0.2578447339448345,Low
PAGE_0184,1040,1092,470,20566,50213,18.23,0.1449,0.204,0.337,708,0.574,0.5154938460953765,Medium
PAGE_0185,1559,160,562,30306,53099,45.57,0.1426,0.533,0.68,221,0.988,0.44432128677955973,Medium
PAGE_0186,3072,1282,225,45575,55978,28.88,0.0375,0.597,0.284,213,0.646,0.47585183839665113,Medium
PAGE_0187,1683,137,719,19724,36443,38.35,0.0403,0.405,0.101,915,0.729,0.4380594151618697,Medium
PAGE_0188,2222,201,548,26664,58319,40.78,0.1371,0.504,0.672,591,0.466,0.4535297469658969,Medium
PAGE_0189,3814,1488,99,22512,35286,17.75,0.0745,0.409,0.237,774,0.506,0.4641566192633008,Medium
PAGE_0190,3657,131,668,28090,37066,22.25,0.015,0.645,0.184,134,0.676,0.43884278726624365,Medium
PAGE_0191,2319,895,428,35617,33869,42.58,0.1835,0.866,0.29,817,0.256,0.4287868957154784,Medium
PAGE_0192,3125,553,701,13256,53318,18.8,0.0178,0.239,0.404,753,0.405,0.6382566475437148,Medium
PAGE_0193,3229,304,789,23164,19329,39.9,0.1529,0.424,0.481,385,0.357,0.5265893999462261,Medium
PAGE_0194,3104,1097,232,25811,75309,47.11,0.1394,0.22,0.136,302,0.213,0.5058363939925764,Medium
PAGE_0195,2097,846,177,30206,27977,31.54,0.2425,0.631,0.876,781,0.63,0.38336516732277165,Medium
PAGE_0196,3560,986,501,16689,58101,37.34,0.1262,0.72,0.673,286,0.649,0.4976747191252011,Medium
PAGE_0197,3193,1070,684,23836,97237,40.45,0.0253,0.892,0.359,561,0.507,0.543825975101259,Medium
PAGE_0198,1295,359,228,21075,38184,42.41,0.1424,0.337,0.355,188,0.415,0.3785291949617141,Medium
PAGE_0199,1551,41,455,36318,81880,20.36,0.2119,0.908,0.459,296,0.722,0.22463036738586703,Low
PAGE_0200,2143,1371,695,7314,92992,3.51,0.2492,0.154,0.601,525,0.308,0.6757767592613015,High
PAGE_0201,1863,245,521,30681,16906,20.69,0.1133,0.613,0.217,388,0.615,0.38799752155818484,Medium
PAGE_0202,2481,368,171,20295,88735,34.01,0.0869,0.149,0.251,458,0.814,0.3789406821121218,Medium
PAGE_0203,1854,690,342,44682,37134,23.07,0.2276,0.86,0.788,743,0.331,0.4792579563257976,Medium
PAGE_0204,2163,1134,194,27227,40417,37.7,0.0559,0.55,0.305,260,0.803,0.42580025181277836,Medium
PAGE_0205,2029,403,343,5241,55568,18.49,0.1577,0.669,0.404,703,0.809,0.3577988600131544,Medium
PAGE_0206,2538,1005,50,28984,19194,32.1,0.1074,0.807,0.797,924,0.248,0.484170205876478,Medium
PAGE_0207,3919,739,111,24985,57896,10.13,0.0199,0.228,0.631,714,0.215,0.594174940548208,Medium
PAGE_0208,1996,1253,610,2808,10689,37.72,0.0933,0.133,0.373,772,0.979,0.6059263091660457,Medium
PAGE_0209,3802,495,160,18475,57321,27.74,0.0737,0.847,0.647,112,0.355,0.4097594594247972,Medium
PAGE_0210,2737,1142,628,15188,1757,11.0,0.1747,0.368,0.116,885,0.858,0.43880128707701366,Medium
PAGE_0211,3796,1321,759,44702,98400,15.3,0.2377,0.21,0.689,863,0.649,0.5999267250692498,Medium
PAGE_0212,1908,518,334,45146,39631,37.68,0.0743,0.498,0.49,35,0.412,0.4225203743778819,Medium
PAGE_0213,1900,76,400,10114,52327,24.65,0.2048,0.609,0.751,78,0.304,0.4200461069418608,Medium
PAGE_0214,1806,1341,886,3373,3264,11.59,0.0233,0.126,0.864,274,0.597,0.8503410776886925,High
PAGE_0215,3180,807,882,47235,93178,48.4,0.1391,0.334,0.841,959,0.526,0.7147995166827714,High
PAGE_0216,3175,1069,413,37406,84073,36.04,0.0269,0.128,0.827,277,0.759,0.6716189783831724,High
PAGE_0217,1472,740,474,30981,41347,47.9,0.2342,0.457,0.51,673,0.923,0.4026367424227908,Medium
PAGE_0218,2268,430,454,31586,19701,21.93,0.1939,0.861,0.388,311,0.844,0.29188583154614156,Low
PAGE_0219,1782,1010,190,12641,94066,24.28,0.1679,0.935,0.472,528,0.42,0.40764526551337027,Medium
PAGE_0220,3930,1139,207,8812,50699,45.0,0.2077,0.641,0.652,203,0.903,0.4221344546764643,Medium
PAGE_0221,1209,279,658,9268,71645,26.73,0.1654,0.237,0.807,984,0.867,0.4950763887279815,Medium
PAGE_0222,1979,420,737,3651,4652,35.66,0.2425,0.87,0.266,951,0.943,0.2765908310426153,Low
PAGE_0223,1934,364,519,12397,9517,13.36,0.1813,0.539,0.835,16,0.567,0.4578298796298211,Medium
PAGE_0224,1148,658,356,43833,58679,22.89,0.2319,0.231,0.752,713,0.815,0.4561603525414495,Medium
PAGE_0225,817,166,627,27228,68307,7.05,0.1341,0.883,0.883,475,0.673,0.4153187644783917,Medium
PAGE_0226,3796,912,318,2932,72155,11.09,0.0381,0.744,0.804,510,0.448,0.5878786564518012,Medium
PAGE_0227,1757,717,622,28583,78370,1.05,0.1368,0.722,0.324,209,0.996,0.4499001583729431,Medium
PAGE_0228,1183,856,693,22163,3822,2.92,0.0404,0.703,0.185,498,0.231,0.6085871973782875,Medium
PAGE_0229,1163,756,602,23063,70542,48.89,0.1522,0.27,0.19,401,0.33,0.5541718548740402,Medium
PAGE_0230,2498,623,602,13522,95732,12.88,0.1258,0.279,0.333,428,0.914,0.4727934122761696,Medium
PAGE_0231,3945,1276,383,33020,40131,33.5,0.1594,0.685,0.591,991,0.248,0.5349983599369791,Medium
PAGE_0232,2131,1019,57,11256,79335,42.12,0.0124,0.287,0.743,77,0.909,0.4971158743522409,Medium
PAGE_0233,1995,401,72,11208,21538,27.98,0.0568,0.473,0.819,567,0.772,0.3951579949621819,Medium
PAGE_0234,3804,964,710,31945,58919,8.5,0.1279,0.765,0.599,79,0.229,0.616963073176568,Medium
PAGE_0235,1636,1024,452,2900,43956,36.68,0.2381,0.766,0.105,305,0.543,0.35183389115916563,Medium
PAGE_0236,2353,431,627,38178,33676,30.41,0.1021,0.485,0.249,57,0.804,0.42867022824243894,Medium
PAGE_0237,2020,1496,206,42812,42038,36.83,0.1118,0.773,0.18,529,0.666,0.45187413736403037,Medium
PAGE_0238,2989,644,558,2710,49128,38.72,0.1815,0.813,0.391,207,0.949,0.32010402801890964,Low
PAGE_0239,1063,1326,639,12167,59907,48.8,0.1549,0.657,0.501,510,0.894,0.5033022860111601,Medium
PAGE_0240,1791,1212,523,33972,49977,29.1,0.0817,0.294,0.135,976,0.466,0.5947387062710993,Medium
PAGE_0241,3957,1205,227,10828,97883,17.74,0.1086,0.333,0.379,134,0.268,0.5539254950378311,Medium
PAGE_0242,3958,1024,639,29666,43561,32.77,0.0622,0.368,0.243,843,0.955,0.5232898023866055,Medium
PAGE_0243,3684,649,606,29883,93574,4.35,0.2418,0.199,0.618,993,0.614,0.4658903495110983,Medium
PAGE_0244,2136,217,871,20683,40569,44.97,0.0414,0.332,0.471,521,0.26,0.6239815433684268,Medium
PAGE_0245,3499,1151,882,20338,83236,6.85,0.0992,0.278,0.496,580,0.853,0.6942617660027022,High
PAGE_0246,3652,160,546,7363,20535,17.06,0.0162,0.487,0.442,852,0.895,0.4285560915106383,Medium
PAGE_0247,1198,834,543,2014,84217,40.97,0.0632,0.872,0.865,898,0.712,0.5016863422153442,Medium
PAGE_0248,2660,1224,51,23849,14291,30.27,0.1973,0.189,0.272,82,0.558,0.4636474180616754,Medium
PAGE_0249,501,965,141,19556,84826,20.29,0.0583,0.712,0.513,620,0.73,0.45137064795524884,Medium
PAGE_0250,1141,1015,86,25682,27486,24.2,0.0292,0.684,0.689,43,0.765,0.4793029977199727,Medium
PAGE_0251,2767,212,95,506,31821,42.87,0.1239,0.181,0.545,482,0.914,0.30297851880280274,Low
PAGE_0252,2089,1012,871,13789,54886,17.66,0.0124,0.884,0.843,965,0.965,0.5848504783929468,Medium
PAGE_0253,1354,393,127,33034,13804,43.61,0.0303,0.583,0.402,909,0.611,0.34752265672831156,Low
PAGE_0254,2259,68,173,33376,56735,5.32,0.2038,0.409,0.471,643,0.839,0.27162705614562455,Low
PAGE_0255,3796,526,464,36532,2223,39.06,0.1952,0.743,0.171,492,0.972,0.3051205122994964,Low
PAGE_0256,2932,1402,666,19973,90810,42.53,0.2296,0.319,0.587,498,0.321,0.6531813615364978,High
PAGE_0257,3974,1011,708,13150,63093,9.91,0.2151,0.689,0.331,17,0.215,0.5856204052648333,Medium
PAGE_0258,2161,950,115,780,80222,22.09,0.174,0.134,0.228,604,0.895,0.3644151123272599,Medium
PAGE_0259,1653,1450,617,19008,97612,9.11,0.0226,0.813,0.536,994,0.356,0.6622243612043994,High
PAGE_0260,1576,751,373,18604,25516,35.62,0.1979,0.481,0.526,947,0.234,0.4891290789640686,Medium
PAGE_0261,2207,1214,323,21744,1914,27.23,0.2129,0.641,0.161,293,0.328,0.427819491972145,Medium
PAGE_0262,3277,45,600,37225,78637,32.13,0.2018,0.288,0.659,975,0.507,0.4628146606288276,Medium
PAGE_0263,2195,522,679,1463,50358,10.63,0.132,0.676,0.599,147,0.375,0.5043002607207272,Medium
PAGE_0264,2233,1479,640,42391,16608,11.38,0.0659,0.756,0.251,471,0.444,0.5656904918739474,Medium
PAGE_0265,1939,1161,733,35160,85266,3.03,0.2129,0.502,0.476,994,0.98,0.4353686715191414,Medium
PAGE_0266,2794,923,272,1638,79016,16.78,0.1845,0.625,0.676,171,0.764,0.43027648982407224,Medium
PAGE_0267,1335,340,860,36276,35799,28.43,0.2454,0.488,0.524,562,0.77,0.4133271108261606,Medium
PAGE_0268,702,768,590,41620,46435,43.04,0.0474,0.86,0.416,530,0.276,0.5119848816975758,Medium
PAGE_0269,3755,1223,61,25775,46906,33.68,0.0642,0.523,0.358,119,0.786,0.42688045012224574,Medium
PAGE_0270,622,575,420,18387,77953,22.33,0.0608,0.816,0.588,835,0.791,0.48924595707786356,Medium
PAGE_0271,900,443,306,274,63868,47.7,0.2002,0.781,0.851,736,0.728,0.3249198648815808,Low
PAGE_0272,1266,280,561,26832,35839,36.24,0.0549,0.449,0.637,65,0.383,0.571625745910494,Medium
PAGE_0273,793,788,183,35098,34885,46.58,0.026,0.296,0.16,140,0.538,0.4916661404768078,Medium
PAGE_0274,2827,1194,412,37155,32080,26.85,0.2497,0.445,0.469,445,0.877,0.46322854009594977,Medium
PAGE_0275,3431,1327,97,12212,89435,13.69,0.016,0.802,0.813,505,0.736,0.5264461027404648,Medium
PAGE_0276,697,1469,243,39974,94802,3.59,0.2105,0.293,0.176,188,0.786,0.391306334713746,Medium
PAGE_0277,3529,1092,684,9789,85116,36.58,0.0977,0.546,0.891,157,0.67,0.670006359143423,High
PAGE_0278,2430,843,405,44914,1709,6.94,0.212,0.785,0.859,609,0.56,0.44480533054661636,Medium
PAGE_0279,3299,58,773,19655,66353,15.84,0.1431,0.4,0.163,669,0.807,0.4252850050054696,Medium
PAGE_0280,2691,987,242,34019,85581,27.09,0.2264,0.646,0.847,946,0.254,0.5160668445771286,Medium
PAGE_0281,1108,506,108,7719,91228,28.66,0.2323,0.309,0.391,245,0.739,0.3334127544380856,Low
PAGE_0282,3772,347,755,6133,28241,30.43,0.0122,0.193,0.776,855,0.998,0.6655288957242059,High
PAGE_0283,1647,274,657,41428,30109,9.15,0.0281,0.775,0.435,943,0.824,0.449533274680212,Medium
PAGE_0284,686,777,633,5046,6882,19.61,0.0701,0.184,0.453,747,0.432,0.6710423187610053,High
PAGE_0285,3897,726,811,24718,92172,31.24,0.1706,0.331,0.607,32,0.422,0.590616856201331,Medium
PAGE_0286,3011,301,410,34775,99452,48.52,0.2232,0.827,0.72,360,0.734,0.33739578634441453,Low
PAGE_0287,3920,1493,709,36358,26033,36.65,0.1204,0.394,0.127,752,0.917,0.5417141006350664,Medium
PAGE_0288,2294,1292,87,19019,77254,46.21,0.1557,0.927,0.575,329,0.662,0.41045719517172885,Medium
PAGE_0289,1159,406,825,4273,8407,38.35,0.0552,0.933,0.249,511,0.622,0.4696908315848698,Medium
PAGE_0290,3311,295,55,43933,92307,29.99,0.2032,0.328,0.377,849,0.328,0.2759685592503731,Low
PAGE_0291,3502,955,476,26500,75974,10.41,0.2422,0.135,0.378,786,0.772,0.4400892743014076,Medium
PAGE_0292,2455,950,95,4869,38446,33.67,0.0745,0.699,0.475,70,0.762,0.4120872489239481,Medium
PAGE_0293,2950,1412,789,37664,50872,31.55,0.1288,0.483,0.367,312,0.974,0.5050982105336707,Medium
PAGE_0294,1869,369,283,45914,72184,30.52,0.0307,0.186,0.186,914,0.44,0.47479355776773335,Medium
PAGE_0295,2486,418,73,14311,40249,25.0,0.1442,0.701,0.217,727,0.805,0.272339664250744,Low
PAGE_0296,2034,606,126,23355,86800,26.9,0.1307,0.126,0.127,78,0.547,0.43748739449677115,Medium
PAGE_0297,646,32,583,28062,27626,17.39,0.0447,0.84,0.476,168,0.647,0.38187888081186927,Medium
PAGE_0298,3719,1482,256,19456,96858,26.45,0.1161,0.218,0.864,809,0.853,0.6447110740953249,Medium
PAGE_0299,3411,1195,803,20406,85812,10.68,0.0902,0.208,0.193,982,0.378,0.7109512731728657,High
PAGE_0300,2234,405,708,5097,68577,40.45,0.1352,0.249,0.857,179,0.474,0.5358766124161675,Medium
PAGE_0301,2343,353,465,17476,5795,10.1,0.1506,0.916,0.687,627,0.819,0.3563137573895297,Medium
PAGE_0302,988,175,820,40980,39269,5.16,0.012,0.689,0.61,259,0.656,0.5448984318919147,Medium
PAGE_0303,3476,322,630,38155,48047,22.38,0.1926,0.781,0.616,485,0.274,0.4970871898701156,Medium
PAGE_0304,2459,461,408,10678,47324,33.26,0.1811,0.438,0.761,771,0.544,0.4689148821610857,Medium
PAGE_0305,2163,734,207,18724,45965,22.45,0.0979,0.386,0.186,4,0.669,0.4465885978549082,Medium
PAGE_0306,3098,978,456,39294,25653,14.56,0.0227,0.299,0.504,296,0.928,0.5362398827714205,Medium
PAGE_0307,2885,614,738,44467,60510,28.35,0.1912,0.509,0.658,619,0.351,0.5029051890647008,Medium
PAGE_0308,3419,428,336,489,90995,18.0,0.2392,0.569,0.569,854,0.845,0.29202818770467015,Low
PAGE_0309,1140,846,808,33867,24916,46.71,0.0676,0.637,0.766,359,0.304,0.7228552086559651,High
PAGE_0310,2302,1397,533,45680,55126,46.21,0.0876,0.319,0.158,116,0.394,0.6466786925113045,Medium
PAGE_0311,3020,993,297,48467,50805,25.62,0.0541,0.906,0.653,356,0.395,0.5884138430092045,Medium
PAGE_0312,2469,1193,615,1955,62022,17.07,0.1485,0.244,0.527,956,0.902,0.5204834499710294,Medium
PAGE_0313,2698,216,37,40993,74014,37.12,0.0472,0.921,0.403,842,0.359,0.3583918816130291,Medium
PAGE_0314,1938,90,537,13894,1981,2.8,0.0955,0.113,0.372,438,0.83,0.46102931932653607,Medium
PAGE_0315,3869,968,505,35631,39667,24.26,0.1773,0.509,0.597,330,0.569,0.504199386774,Medium
PAGE_0316,2134,1433,326,5086,47465,17.48,0.1444,0.383,0.813,524,0.999,0.5647989388609929,Medium
PAGE_0317,762,739,193,32398,79311,46.11,0.1028,0.482,0.497,653,0.871,0.4055411665499268,Medium
PAGE_0318,2287,836,514,1581,70222,1.59,0.1109,0.585,0.76,187,0.792,0.5304081143551339,Medium
PAGE_0319,2691,1493,626,3831,25106,28.09,0.1449,0.47,0.422,967,0.897,0.5799042757078853,Medium
PAGE_0320,2893,1372,101,16935,41298,37.29,0.0114,0.453,0.182,280,0.707,0.5312410566354294,Medium
PAGE_0321,1123,1355,596,27898,22931,24.77,0.0288,0.723,0.149,510,0.875,0.5310854610959231,Medium
PAGE_0322,1516,1397,588,26213,16559,5.18,0.2215,0.683,0.141,465,0.409,0.5447034149717195,Medium
PAGE_0323,1380,40,267,19577,32543,48.65,0.0287,0.808,0.404,114,0.278,0.3886749069198131,Medium
PAGE_0324,2549,1115,133,17366,42416,26.38,0.1796,0.312,0.37,939,0.693,0.4817249508428663,Medium
PAGE_0325,3444,255,239,20892,96231,31.1,0.2308,0.618,0.674,235,0.548,0.29099579325783853,Low
PAGE_0326,1827,1206,583,20552,64586,12.59,0.075,0.597,0.694,337,0.541,0.5992037698151775,Medium
PAGE_0327,2801,593,857,43626,5977,24.69,0.0989,0.414,0.141,521,0.621,0.4982758031504364,Medium
PAGE_0328,952,801,497,49179,39653,22.03,0.1465,0.513,0.277,198,0.489,0.49930026789621496,Medium
PAGE_0329,3608,1363,483,41434,5022,4.67,0.2216,0.367,0.319,763,0.701,0.46959282108745054,Medium
PAGE_0330,1683,914,297,11989,4786,6.2,0.2361,0.221,0.538,49,0.224,0.554860427484773,Medium
PAGE_0331,3562,1296,415,24435,32866,42.04,0.1875,0.282,0.216,939,0.976,0.4304280108960364,Medium
PAGE_0332,2556,1419,804,11354,80043,12.75,0.0308,0.19,0.207,141,0.94,0.672915237614118,High
PAGE_0333,3804,1383,877,21174,32106,10.55,0.1706,0.681,0.855,782,0.948,0.630031514651991,Medium
PAGE_0334,3670,1160,416,11542,31522,25.74,0.1085,0.662,0.743,527,0.492,0.5398887814181315,Medium
PAGE_0335,2182,255,288,46389,12305,38.67,0.123,0.908,0.245,513,0.626,0.23912679689690883,Low
PAGE_0336,3363,854,312,37427,86690,4.04,0.0218,0.72,0.425,669,0.963,0.4399064960010254,Medium
PAGE_0337,2755,247,655,16299,23627,29.26,0.0559,0.144,0.384,29,0.922,0.4843316399819149,Medium
PAGE_0338,1654,966,69,7391,18543,6.84,0.1997,0.852,0.733,81,0.832,0.3466168035698594,Low
PAGE_0339,903,782,515,41028,16624,2.79,0.119,0.833,0.508,30,0.526,0.42929136873197193,Medium
PAGE_0340,2699,535,249,212,28302,3.58,0.0824,0.477,0.202,747,0.651,0.37762395162949314,Medium
PAGE_0341,2601,288,158,21615,65652,41.87,0.1022,0.598,0.691,332,0.834,0.345585981863354,Low
PAGE_0342,3691,83,549,19681,46242,6.78,0.2151,0.93,0.418,659,0.418,0.24138257457344886,Low
PAGE_0343,2196,1100,642,48792,61792,3.21,0.1898,0.552,0.31,176,0.701,0.5138670514620483,Medium
PAGE_0344,1127,756,717,26600,82484,22.46,0.0754,0.87,0.4,369,0.862,0.4423700779798506,Medium
PAGE_0345,1086,718,648,32126,20955,42.36,0.0382,0.171,0.498,546,0.766,0.645938173583511,Medium
PAGE_0346,2148,1152,642,16623,83847,13.86,0.0705,0.262,0.374,534,0.584,0.6123817451292424,Medium
PAGE_0347,1943,1073,289,1524,60472,21.66,0.231,0.475,0.294,105,0.668,0.37569908680910036,Medium
PAGE_0348,1945,448,395,19652,25195,2.96,0.1496,0.597,0.419,96,0.991,0.2951437475542968,Low
PAGE_0349,603,719,787,10908,38824,23.0,0.138,0.794,0.115,229,0.682,0.4682039374882134,Medium
PAGE_0350,753,879,816,38911,49341,29.3,0.1531,0.94,0.718,226,0.828,0.5127981888186393,Medium
PAGE_0351,3798,91,573,7089,52103,28.97,0.0978,0.431,0.237,370,0.781,0.42654073800064185,Medium
PAGE_0352,3683,1198,678,23720,68479,17.29,0.2037,0.14,0.135,99,0.761,0.5170595301968496,Medium
PAGE_0353,3057,245,553,39129,94937,16.46,0.1356,0.781,0.623,444,0.773,0.38329408315206315,Medium
PAGE_0354,1996,32,843,987,92096,6.22,0.038,0.614,0.719,467,0.564,0.49948960304689005,Medium
PAGE_0355,598,189,45,31902,97554,18.97,0.041,0.269,0.751,54,0.579,0.42732866869391467,Medium
PAGE_0356,2700,810,158,19588,94383,5.88,0.1388,0.521,0.495,194,0.574,0.4249460707541298,Medium
PAGE_0357,2384,1173,604,30113,16072,38.56,0.2348,0.731,0.264,519,0.227,0.5072582473462144,Medium
PAGE_0358,3461,922,138,49301,93946,48.35,0.084,0.755,0.69,423,0.393,0.5392181241991579,Medium
PAGE_0359,2419,1142,562,16502,23027,48.53,0.2187,0.525,0.66,314,0.324,0.512057140868288,Medium
PAGE_0360,1377,358,699,21305,66730,43.39,0.1934,0.359,0.297,127,0.909,0.398260309190783,Medium
PAGE_0361,837,609,298,26149,52447,30.44,0.0695,0.928,0.823,31,0.42,0.46568510393930307,Medium
PAGE_0362,3369,1410,191,12353,99808,35.34,0.0187,0.664,0.183,92,0.311,0.5526895522415929,Medium
PAGE_0363,3734,1320,289,19090,88960,14.98,0.0344,0.447,0.886,518,0.296,0.6941137097615291,High
PAGE_0364,1456,981,131,7946,86310,31.91,0.1848,0.338,0.788,257,0.76,0.4467955742436041,Medium
PAGE_0365,2204,1376,535,25127,69618,23.33,0.0579,0.721,0.65,852,0.205,0.6422223180115518,Medium
PAGE_0366,660,664,764,39300,45383,24.62,0.0991,0.306,0.851,901,0.577,0.6044877953959261,Medium
PAGE_0367,2103,1017,600,46320,81426,38.13,0.1304,0.246,0.678,219,0.295,0.6532959797894387,High
PAGE_0368,3348,1248,276,46263,12305,14.81,0.1841,0.55,0.252,751,0.88,0.3479548084228846,Low
PAGE_0369,897,950,669,3865,89974,16.58,0.0372,0.346,0.454,105,0.967,0.5707762049592868,Medium
PAGE_0370,1800,767,824,16050,12848,46.31,0.1075,0.635,0.157,547,0.967,0.44652669451361016,Medium
PAGE_0371,1315,1385,866,45370,21197,3.75,0.1264,0.2,0.412,415,0.554,0.6264700520598151,Medium
PAGE_0372,2027,199,566,9841,3192,24.8,0.1398,0.657,0.693,556,0.716,0.4744395033962871,Medium
PAGE_0373,2419,550,160,22842,53411,45.73,0.2064,0.341,0.409,809,0.68,0.3455666188732665,Low
PAGE_0374,1915,69,382,24803,22792,30.91,0.0512,0.1,0.364,308,0.48,0.4078471846836527,Medium
PAGE_0375,1658,1314,225,38809,23962,27.77,0.2039,0.208,0.576,365,0.555,0.5322239879662656,Medium
PAGE_0376,1718,1448,822,37723,90496,13.24,0.1763,0.894,0.798,520,0.251,0.6618016537527875,High
PAGE_0377,900,984,695,23031,79607,17.82,0.1434,0.837,0.138,458,0.837,0.37967147375282445,Medium
PAGE_0378,1139,1279,411,23680,80252,42.75,0.1779,0.299,0.408,598,0.393,0.5718057548898944,Medium
PAGE_0379,3604,1013,674,15266,70569,28.4,0.1089,0.762,0.227,369,0.568,0.4757898287887564,Medium
PAGE_0380,3235,1177,256,29340,5026,26.22,0.0432,0.617,0.656,330,0.584,0.5619432010871956,Medium
PAGE_0381,959,1004,730,26091,91399,5.88,0.1698,0.925,0.185,688,0.649,0.41481359868721374,Medium
PAGE_0382,1454,67,505,38656,4069,1.79,0.1359,0.418,0.632,641,0.854,0.366448182031156,Medium
PAGE_0383,969,357,506,33069,35833,48.22,0.1634,0.679,0.329,706,0.754,0.34593842900338184,Low
PAGE_0384,3946,1304,294,10661,69955,19.47,0.0911,0.154,0.259,10,0.73,0.49212721065488596,Medium
PAGE_0385,1545,1229,401,17001,41843,30.56,0.2276,0.437,0.849,817,0.621,0.5325916610094742,Medium
PAGE_0386,3297,943,515,40605,39976,4.91,0.151,0.919,0.115,506,0.277,0.45714539111816743,Medium
PAGE_0387,2193,483,463,30120,20423,34.47,0.0305,0.558,0.45,418,0.522,0.5426072126109551,Medium
PAGE_0388,2585,66,675,26017,16528,46.7,0.118,0.345,0.117,121,0.966,0.39155704641982425,Medium
PAGE_0389,2777,1369,240,2088,34678,29.21,0.1915,0.202,0.487,910,0.996,0.5049165821423265,Medium
PAGE_0390,3936,1002,601,48309,86586,7.18,0.2006,0.698,0.501,234,0.784,0.4360041347686671,Medium
PAGE_0391,1062,825,406,44605,64240,29.5,0.1287,0.648,0.357,330,0.382,0.44131314967707796,Medium
PAGE_0392,2985,1002,424,14356,83929,38.55,0.2247,0.418,0.206,542,0.282,0.49336291307032837,Medium
PAGE_0393,2299,622,479,22292,6464,20.91,0.0742,0.908,0.401,347,0.532,0.42350097754813076,Medium
PAGE_0394,3854,1167,393,28330,35449,44.11,0.1085,0.119,0.638,957,0.885,0.5731212017411399,Medium
PAGE_0395,2574,1093,486,40030,791,32.79,0.2257,0.358,0.726,411,0.777,0.5293693436583947,Medium
PAGE_0396,725,1354,754,45933,95698,45.06,0.2251,0.883,0.525,223,0.907,0.5339118220005045,Medium
PAGE_0397,3848,253,757,22725,66567,31.55,0.1746,0.373,0.572,152,0.693,0.48895957085909697,Medium
PAGE_0398,1297,347,255,32188,45996,7.43,0.2162,0.314,0.26,211,0.304,0.3756664228068529,Medium
PAGE_0399,2831,378,160,14214,57162,16.17,0.0313,0.554,0.33,91,0.292,0.40614222903584457,Medium
PAGE_0400,3426,144,617,41267,97366,10.89,0.2176,0.8,0.23,920,0.238,0.38963177381787195,Medium
PAGE_0401,1459,727,505,38501,79862,45.53,0.0869,0.188,0.299,330,0.654,0.5378248413791987,Medium
PAGE_0402,2004,1376,827,5855,13961,38.26,0.0528,0.902,0.28,466,0.394,0.6227501853395115,Medium
PAGE_0403,952,1093,306,10925,96937,34.14,0.0674,0.776,0.516,859,0.788,0.4525807827091505,Medium
PAGE_0404,3567,69,185,22793,88402,15.75,0.1103,0.254,0.55,640,0.749,0.35397523248291085,Medium
PAGE_0405,1315,1342,789,4217,64028,10.02,0.0703,0.705,0.856,954,0.454,0.717955622750014,High
PAGE_0406,1158,1315,247,24829,83331,38.07,0.0869,0.427,0.256,708,0.341,0.507512012028118,Medium
PAGE_0407,1046,245,219,32282,41447,24.23,0.0424,0.442,0.613,969,0.282,0.5257840174749226,Medium
PAGE_0408,1715,1200,446,28990,3221,12.06,0.0811,0.766,0.754,553,0.79,0.5711913130302748,Medium
PAGE_0409,3620,365,704,29440,83893,31.21,0.1473,0.918,0.548,877,0.56,0.4222064605648974,Medium
PAGE_0410,516,1221,721,1618,28264,2.98,0.116,0.208,0.304,929,0.459,0.6368327377361174,Medium
PAGE_0411,3743,121,575,31049,25591,16.98,0.0932,0.458,0.31,227,0.885,0.38234577996756525,Medium
PAGE_0412,1743,382,70,22647,59322,23.96,0.1891,0.509,0.131,193,0.675,0.24947574365648503,Low
PAGE_0413,2705,600,336,16446,23265,8.25,0.2244,0.42,0.344,529,0.614,0.3575237657841041,Medium
PAGE_0414,3024,845,367,2700,3848,49.25,0.1916,0.409,0.696,844,0.795,0.48303477402170913,Medium
PAGE_0415,1569,810,343,46105,98681,11.25,0.0897,0.144,0.138,242,0.852,0.40897897709196523,Medium
PAGE_0416,3944,392,104,29367,26653,7.39,0.1887,0.683,0.275,388,0.749,0.21724969267973565,Low
PAGE_0417,3065,586,308,36422,60480,10.97,0.0465,0.471,0.665,275,0.552,0.5382350375336995,Medium
PAGE_0418,2646,1398,205,27090,44431,38.68,0.0413,0.266,0.726,449,0.503,0.6604538518299217,High
PAGE_0419,2268,1223,691,16293,96133,21.85,0.093,0.794,0.464,638,0.817,0.5183859847099709,Medium
PAGE_0420,1560,385,302,30209,96944,28.71,0.2038,0.782,0.658,586,0.614,0.3474784984453554,Low
PAGE_0421,2827,220,866,19333,39660,2.03,0.0691,0.513,0.41,573,0.764,0.47647896442518495,Medium
PAGE_0422,3920,451,649,48121,53965,2.69,0.0252,0.354,0.228,477,0.912,0.4742320806321788,Medium
PAGE_0423,3044,729,680,16294,46786,22.85,0.0416,0.642,0.419,479,0.933,0.5312626794773847,Medium
PAGE_0424,801,36,891,34610,76010,41.02,0.2161,0.345,0.564,287,0.422,0.5206825073119555,Medium
PAGE_0425,680,162,812,1406,4775,44.38,0.1621,0.301,0.858,697,0.35,0.5944815471773621,Medium
PAGE_0426,1106,586,888,3949,66806,5.25,0.0708,0.721,0.155,689,0.409,0.5052021955490686,Medium
PAGE_0427,3670,855,318,12460,78086,27.38,0.1433,0.134,0.506,677,0.801,0.47300701216382357,Medium
PAGE_0428,1199,790,753,45636,76316,45.75,0.1366,0.181,0.363,694,0.496,0.5965006359509478,Medium
PAGE_0429,1492,1084,301,29331,10168,20.01,0.1673,0.106,0.507,539,0.339,0.6140048638641802,Medium
PAGE_0430,1639,564,95,45900,54560,41.65,0.066,0.23,0.119,329,0.279,0.39474002810182995,Medium
PAGE_0431,690,455,512,37063,46518,7.55,0.2175,0.159,0.35,469,0.462,0.4271301230374487,Medium
PAGE_0432,2800,1447,277,18789,26306,46.83,0.0842,0.946,0.756,758,0.309,0.6129769906525542,Medium
PAGE_0433,1480,701,185,29184,387,37.82,0.1766,0.345,0.543,848,0.325,0.5003727901115976,Medium
PAGE_0434,3475,392,76,40487,22437,47.13,0.0139,0.227,0.46,533,0.747,0.43162414343722155,Medium
PAGE_0435,2506,1490,483,9380,20766,34.15,0.0994,0.305,0.328,938,0.216,0.7135620222366974,High
PAGE_0436,1684,111,230,2742,1261,18.81,0.0944,0.896,0.338,466,0.294,0.3094699764784682,Low
PAGE_0437,3827,385,689,42237,90171,46.97,0.1404,0.542,0.406,976,0.875,0.3732772623225359,Medium
PAGE_0438,3894,1311,153,14396,98164,14.5,0.0275,0.41,0.768,983,0.876,0.5883069082703738,Medium
PAGE_0439,627,618,30,15538,38851,17.28,0.1996,0.842,0.874,419,0.463,0.39349781395503247,Medium
PAGE_0440,2565,324,788,48542,82163,35.34,0.0623,0.436,0.451,607,0.27,0.631021986870575,Medium
PAGE_0441,2316,1277,884,37625,89489,38.5,0.1725,0.385,0.415,121,0.764,0.5772077729247337,Medium
PAGE_0442,2258,1099,669,3094,14858,46.54,0.2028,0.276,0.777,761,0.488,0.63145139588457,Medium
PAGE_0443,3113,1166,220,48094,65880,11.04,0.1449,0.421,0.442,890,0.236,0.5603600969643567,Medium
PAGE_0444,1069,1286,608,34139,3278,40.1,0.1878,0.369,0.542,307,0.326,0.6299771091747286,Medium
PAGE_0445,1846,46,545,1913,31931,37.19,0.1688,0.676,0.285,931,0.31,0.4142051457188287,Medium
PAGE_0446,2395,389,471,27591,2276,4.13,0.0953,0.346,0.695,923,0.671,0.48890195761729505,Medium
PAGE_0447,3233,1276,844,18945,33754,19.97,0.2041,0.591,0.526,333,0.918,0.5356604145792436,Medium
PAGE_0448,1125,895,835,41343,26727,14.86,0.0807,0.156,0.747,953,0.834,0.6771046027340538,High
PAGE_0449,3859,729,172,37264,52650,15.92,0.1471,0.263,0.725,419,0.637,0.4958888463993082,Medium
PAGE_0450,3401,477,220,42151,45010,49.16,0.1889,0.446,0.272,325,0.538,0.33651509695283477,Low
PAGE_0451,2186,885,562,13418,90517,32.5,0.1009,0.896,0.673,648,0.695,0.5224719132068911,Medium
PAGE_0452,3509,394,256,17300,58351,36.17,0.0827,0.421,0.74,788,0.555,0.5225409634638706,Medium
PAGE_0453,654,704,342,182,35522,48.85,0.1202,0.664,0.377,831,0.397,0.4296045320946165,Medium
PAGE_0454,3037,1037,658,2020,12084,19.48,0.2063,0.317,0.238,843,0.743,0.4824691074975918,Medium
PAGE_0455,1909,1379,331,40685,89412,40.29,0.2332,0.208,0.102,572,0.899,0.4457850099755068,Medium
PAGE_0456,1284,496,683,11783,61486,22.29,0.1408,0.15,0.461,249,0.498,0.6132069623352234,Medium
PAGE_0457,3675,443,489,11436,83391,43.61,0.1688,0.36,0.382,989,0.873,0.407882111894767,Medium
PAGE_0458,3964,615,430,15696,7235,9.85,0.2268,0.234,0.544,94,0.545,0.4326384674545291,Medium
PAGE_0459,745,1286,580,2193,420,47.44,0.0337,0.248,0.25,295,0.521,0.6582307236472491,High
PAGE_0460,3747,1277,422,13005,94271,11.72,0.0657,0.747,0.788,183,0.223,0.6761302449974093,High
PAGE_0461,3610,1023,896,24451,21784,16.98,0.1801,0.113,0.306,259,0.756,0.5686240540899249,Medium
PAGE_0462,2000,1465,793,31081,56013,38.05,0.2077,0.574,0.281,798,0.846,0.49373414945537636,Medium
PAGE_0463,2205,601,874,8467,88874,20.29,0.2157,0.423,0.485,666,0.731,0.4842360650588669,Medium
PAGE_0464,3306,364,236,5385,21989,30.8,0.1096,0.531,0.499,185,0.321,0.4520567842309356,Medium
PAGE_0465,1037,1275,239,43764,95949,22.78,0.0314,0.578,0.272,408,0.283,0.5248446837358496,Medium
PAGE_0466,2390,66,144,37805,98171,37.38,0.1151,0.366,0.317,68,0.658,0.29489763636985283,Low
PAGE_0467,2341,1018,766,16853,48999,12.19,0.0654,0.351,0.236,837,0.521,0.6295253521099757,Medium
PAGE_0468,1420,307,675,18585,10870,3.86,0.0799,0.723,0.675,772,0.543,0.5370588959427979,Medium
PAGE_0469,2955,1249,280,13077,39421,15.7,0.1953,0.841,0.716,626,0.974,0.40543187784841866,Medium
PAGE_0470,1024,945,248,19974,86062,24.24,0.0281,0.264,0.47,858,0.779,0.5395416546290919,Medium
PAGE_0471,3375,513,436,7774,41877,9.23,0.2086,0.183,0.671,7,0.529,0.5141265404603816,Medium
PAGE_0472,2029,1295,472,29138,46350,18.39,0.1126,0.863,0.689,264,0.215,0.6495632898698449,Medium
PAGE_0473,3450,1377,632,29415,73134,20.6,0.1531,0.397,0.211,782,0.227,0.6647998010504086,High
PAGE_0474,535,760,383,3776,40230,3.81,0.0315,0.569,0.873,483,0.748,0.48970359656240514,Medium
PAGE_0475,1184,221,587,2526,82031,29.58,0.091,0.406,0.757,760,0.87,0.4804028484851474,Medium
PAGE_0476,519,1070,579,24573,49446,44.33,0.0315,0.207,0.264,616,0.766,0.623458809265876,Medium
PAGE_0477,2868,553,171,3062,2637,8.44,0.2408,0.601,0.249,774,0.525,0.3366969352639706,Low
PAGE_0478,3059,947,641,30043,84862,30.29,0.2037,0.546,0.201,735,0.225,0.5302207094466682,Medium
PAGE_0479,899,430,530,959,15316,33.57,0.1203,0.273,0.211,839,0.974,0.3717555221752976,Medium
PAGE_0480,3201,915,869,44916,84249,21.55,0.0637,0.484,0.699,370,0.989,0.5889807250580037,Medium
PAGE_0481,1471,734,731,4238,3109,35.35,0.234,0.777,0.476,782,0.639,0.40794015828322855,Medium
PAGE_0482,2406,51,576,35292,90004,21.13,0.0927,0.602,0.726,676,0.257,0.5184555664375182,Medium
PAGE_0483,3018,503,688,25740,29427,25.73,0.0486,0.182,0.697,82,0.633,0.6087008940068219,Medium
PAGE_0484,1666,1173,571,10509,14309,1.36,0.1452,0.566,0.584,806,0.914,0.42042902393669535,Medium
PAGE_0485,1615,239,875,4117,48543,34.89,0.2365,0.697,0.649,645,0.744,0.380262440693258,Medium
PAGE_0486,3925,335,536,10551,15129,33.41,0.0109,0.774,0.115,210,0.776,0.3786603041322039,Medium
PAGE_0487,1333,1323,625,28427,67713,2.88,0.0671,0.635,0.349,312,0.268,0.6010544141912427,Medium
PAGE_0488,2323,733,310,10378,79543,19.04,0.2352,0.23,0.61,603,0.285,0.45334633877949815,Medium
PAGE_0489,3274,716,453,25044,57097,48.97,0.0511,0.704,0.107,336,0.302,0.5421524522480542,Medium
PAGE_0490,2482,314,885,43864,62659,21.62,0.0372,0.676,0.126,489,0.924,0.4448546765084013,Medium
PAGE_0491,1353,745,299,1234,64992,25.6,0.1468,0.121,0.782,402,0.621,0.522114336496423,Medium
PAGE_0492,550,792,183,30231,70509,45.59,0.2168,0.45,0.647,638,0.833,0.39080696949842775,Medium
PAGE_0493,1074,1280,643,37987,8735,36.15,0.1245,0.383,0.312,190,0.292,0.6687876382350673,High
PAGE_0494,3761,977,756,38562,33165,29.52,0.2487,0.669,0.65,670,0.942,0.5221151366003193,Medium
PAGE_0495,1648,410,691,22620,33883,40.09,0.173,0.284,0.734,842,0.857,0.5445334127631255,Medium
PAGE_0496,2697,489,112,21969,34252,43.35,0.0278,0.602,0.345,334,0.38,0.44090315377763906,Medium
PAGE_0497,2861,1060,651,37032,58841,23.39,0.2483,0.876,0.129,521,0.899,0.29413576298970384,Low
PAGE_0498,3117,58,455,5139,51602,24.28,0.1079,0.778,0.846,618,0.411,0.4125799730022347,Medium
PAGE_0499,3913,936,304,21381,29192,19.92,0.079,0.883,0.376,86,0.364,0.45224980215531113,Medium
PAGE_0500,2852,1086,742,47499,17753,48.37,0.1439,0.932,0.185,578,0.411,0.5148457850409709,Medium
PAGE_0501,2215,908,313,10542,98099,35.16,0.083,0.109,0.493,61,0.928,0.512051717860575,Medium
PAGE_0502,1181,108,202,8352,99664,5.08,0.0307,0.629,0.715,386,0.932,0.3197780867315354,Low
PAGE_0503,1337,976,356,27686,40569,43.29,0.0103,0.451,0.277,145,0.463,0.5079619136143289,Medium
PAGE_0504,1577,488,747,17668,86583,24.55,0.1179,0.831,0.316,152,0.764,0.4262469082741789,Medium
PAGE_0505,3550,599,92,20910,59854,4.37,0.2108,0.314,0.294,618,0.741,0.31328232762159375,Low
PAGE_0506,2991,1483,102,1651,30078,27.94,0.1474,0.934,0.893,659,0.845,0.44276369397165466,Medium
PAGE_0507,3160,767,792,12725,87692,21.44,0.2498,0.622,0.258,697,0.437,0.4727244482878694,Medium
PAGE_0508,3540,1338,665,34497,94643,44.01,0.0788,0.775,0.56,348,0.608,0.6428521516046156,Medium
PAGE_0509,2811,545,404,26349,43269,11.0,0.0773,0.173,0.84,853,0.734,0.5653165125444192,Medium
PAGE_0510,3624,1152,662,1461,48387,41.5,0.0483,0.256,0.218,177,0.221,0.6546316004671833,High
PAGE_0511,2095,426,537,26249,54845,28.33,0.0494,0.745,0.877,888,0.501,0.5985999224034317,Medium
PAGE_0512,3551,68,816,4470,5643,3.68,0.0784,0.119,0.858,846,0.757,0.5853707455212998,Medium
PAGE_0513,504,1324,427,5383,56492,48.62,0.2003,0.794,0.808,486,0.402,0.544542151210048,Medium
PAGE_0514,1626,916,149,7710,21167,26.12,0.2274,0.112,0.272,777,0.966,0.32829470329465554,Low
PAGE_0515,1719,826,466,43426,51133,15.25,0.244,0.659,0.607,660,0.224,0.4436564824289904,Medium
PAGE_0516,1273,186,858,15024,45356,24.0,0.0657,0.41,0.709,246,0.966,0.49620683605951477,Medium
PAGE_0517,1376,1128,705,47707,90733,43.04,0.2215,0.62,0.889,253,0.373,0.57218283925461,Medium
PAGE_0518,1491,913,494,44817,69445,15.94,0.0888,0.692,0.244,499,0.239,0.43488287870439374,Medium
PAGE_0519,3431,1183,315,10726,22291,10.44,0.0371,0.391,0.713,540,0.434,0.6339855415676303,Medium
PAGE_0520,3921,1003,294,34861,86903,7.32,0.2188,0.192,0.371,351,0.829,0.45335713233153957,Medium
PAGE_0521,546,1137,349,969,72842,15.6,0.1627,0.159,0.241,511,0.802,0.4440061825527546,Medium
PAGE_0522,3414,1075,702,31652,86693,39.22,0.0495,0.601,0.437,777,0.367,0.7167679700169151,High
PAGE_0523,3370,878,405,1114,29092,24.11,0.1132,0.543,0.735,12,0.357,0.6059880008850849,Medium
PAGE_0524,3483,1435,849,10203,81631,12.15,0.0789,0.731,0.472,558,0.714,0.6361632849658784,Medium
PAGE_0525,3203,777,118,17086,48903,9.14,0.1868,0.533,0.53,150,0.566,0.34905976757088375,Low
PAGE_0526,768,1493,683,44881,63577,17.3,0.1188,0.459,0.896,49,0.834,0.6221015080060558,Medium
PAGE_0527,869,1018,232,30571,13310,47.06,0.2474,0.438,0.419,214,0.219,0.4497383786332157,Medium
PAGE_0528,1135,50,850,33558,83429,17.81,0.0231,0.122,0.592,990,0.688,0.6010391749610194,Medium
PAGE_0529,1629,332,768,25169,26370,49.42,0.0952,0.385,0.392,643,0.785,0.48498171990954014,Medium
PAGE_0530,2193,898,363,16973,62108,24.78,0.1257,0.93,0.414,371,0.995,0.3804096936087793,Medium
PAGE_0531,2182,113,251,23348,5297,9.78,0.1308,0.843,0.657,112,0.743,0.3479269073316511,Low
PAGE_0532,1156,1440,70,23724,7552,44.67,0.0858,0.38,0.85,251,0.385,0.6330057723021614,Medium
PAGE_0533,619,1310,737,43616,41586,23.56,0.185,0.6,0.534,962,0.287,0.640288423642081,Medium
PAGE_0534,1330,599,97,29161,14959,35.77,0.2199,0.82,0.715,340,0.713,0.2873155643564533,Low
PAGE_0535,2310,963,805,24270,27336,49.2,0.2353,0.475,0.171,52,0.619,0.47751134663689015,Medium
PAGE_0536,1581,1215,543,8124,31999,3.46,0.2032,0.115,0.269,129,0.919,0.5083456702688872,Medium
PAGE_0537,2474,1216,666,16778,32183,5.74,0.2141,0.163,0.502,835,0.781,0.5558711884503494,Medium
PAGE_0538,1869,1038,651,38356,67808,36.3,0.1421,0.534,0.116,192,0.608,0.5137320817906501,Medium
PAGE_0539,1240,822,627,20511,16763,14.81,0.2082,0.924,0.302,590,0.523,0.3705780618761997,Medium
PAGE_0540,616,821,661,43903,93176,10.03,0.0828,0.689,0.514,56,0.523,0.5300094869965608,Medium
PAGE_0541,2353,1324,156,19396,19153,2.93,0.1056,0.16,0.112,96,0.381,0.5020826071096864,Medium
PAGE_0542,3338,521,284,26393,11185,2.07,0.0861,0.261,0.312,197,0.214,0.48640911435851375,Medium
PAGE_0543,1650,237,724,27272,30664,38.95,0.1222,0.756,0.511,646,0.66,0.4248003621301888,Medium
PAGE_0544,3964,1113,45,21228,89845,7.59,0.0785,0.815,0.559,146,0.37,0.4982727341006198,Medium
PAGE_0545,2431,459,506,18357,59195,23.92,0.2408,0.625,0.841,683,0.367,0.45775740990315417,Medium
PAGE_0546,1512,1014,91,12955,69617,30.69,0.0851,0.648,0.616,574,0.3,0.4660329902686697,Medium
PAGE_0547,2164,1362,461,19742,21253,21.99,0.0335,0.124,0.432,576,0.352,0.6652856304272375,High
PAGE_0548,1581,549,699,35685,5347,2.33,0.1364,0.804,0.844,294,0.225,0.5564634074658055,Medium
PAGE_0549,1133,620,297,20125,10653,39.39,0.0237,0.77,0.728,722,0.739,0.49232869756600367,Medium
PAGE_0550,1012,1080,64,4558,20911,1.52,0.0365,0.32,0.26,620,0.521,0.5412615305660613,Medium
PAGE_0551,3349,228,808,5407,95481,38.33,0.0627,0.702,0.205,793,0.649,0.40271260564746975,Medium
PAGE_0552,1619,416,605,41801,6235,44.77,0.1214,0.283,0.641,683,0.71,0.5254416850452129,Medium
PAGE_0553,1641,378,523,18525,5673,22.21,0.114,0.134,0.548,11,0.978,0.4515660483779445,Medium
PAGE_0554,1059,989,591,49931,79367,27.24,0.2019,0.271,0.732,917,0.255,0.6132333764522945,Medium
PAGE_0555,987,722,498,43527,7289,24.37,0.1875,0.252,0.691,332,0.534,0.4982560769660475,Medium
PAGE_0556,3808,407,796,28373,80177,20.07,0.1123,0.387,0.6,219,0.397,0.5795736581319683,Medium
PAGE_0557,1396,928,690,38606,43746,44.48,0.0901,0.456,0.889,397,0.581,0.6175312828700578,Medium
PAGE_0558,3843,945,354,5768,76723,44.8,0.086,0.532,0.527,341,0.936,0.45394113896213606,Medium
PAGE_0559,1712,556,333,26034,53787,17.46,0.1958,0.505,0.19,797,0.779,0.35100106861086955,Medium
PAGE_0560,1203,1206,305,47295,68412,31.14,0.0225,0.33,0.763,511,0.73,0.6394649033774588,Medium
PAGE_0561,1970,763,898,7797,27664,46.42,0.0131,0.125,0.301,171,0.553,0.7442914372095581,High
PAGE_0562,1080,235,713,24517,28935,48.14,0.2009,0.614,0.722,467,0.737,0.44067849466883774,Medium
PAGE_0563,3337,484,230,16546,61687,25.94,0.1245,0.436,0.866,747,0.226,0.5267799865293488,Medium
PAGE_0564,3408,1326,474,40697,7797,23.19,0.0414,0.354,0.657,986,0.669,0.668980201558705,High
PAGE_0565,2794,1289,353,10851,80265,14.66,0.0665,0.837,0.577,165,0.643,0.5016871660286519,Medium
PAGE_0566,3647,550,64,46318,74022,47.98,0.2338,0.735,0.468,698,0.477,0.22309470509273324,Low
PAGE_0567,653,1046,511,7452,17146,8.0,0.2163,0.829,0.392,169,0.361,0.47742735676614445,Medium
PAGE_0568,2179,985,757,13616,57923,29.41,0.1803,0.521,0.382,563,0.846,0.4397656830134436,Medium
PAGE_0569,1496,755,509,23399,73680,14.84,0.1257,0.211,0.609,511,0.243,0.6452558094367052,Medium
PAGE_0570,3657,1043,94,32057,53470,14.67,0.1349,0.692,0.701,830,0.256,0.5144899678558101,Medium
PAGE_0571,3244,530,37,29027,9715,20.84,0.2441,0.275,0.643,188,0.552,0.3293432545175757,Low
PAGE_0572,3856,146,330,41194,5160,49.94,0.2418,0.475,0.259,119,0.402,0.2919373101063321,Low
PAGE_0573,1743,415,372,36512,76536,3.69,0.0617,0.155,0.495,104,0.796,0.482233841816276,Medium
PAGE_0574,1592,1397,460,29593,60619,29.35,0.2047,0.802,0.733,673,0.707,0.47160374936627875,Medium
PAGE_0575,3618,613,453,26811,71217,5.05,0.0573,0.207,0.481,806,0.818,0.5326356056804691,Medium
PAGE_0576,1508,424,361,8103,61258,8.57,0.0612,0.868,0.529,40,0.46,0.4490456490030214,Medium
PAGE_0577,2641,1117,467,31807,34882,22.54,0.1723,0.835,0.717,888,0.792,0.41954226790670895,Medium
PAGE_0578,2273,750,617,3378,85809,26.01,0.1072,0.495,0.629,875,0.89,0.4846978408976457,Medium
PAGE_0579,1457,101,203,7396,78633,13.68,0.2336,0.733,0.427,676,0.476,0.25001357239858696,Low
PAGE_0580,3559,303,588,25498,58355,16.51,0.0314,0.627,0.816,320,0.472,0.5939940765957784,Medium
PAGE_0581,952,1373,556,35942,72784,5.26,0.1328,0.783,0.23,885,0.92,0.47556077209166303,Medium
PAGE_0582,1727,367,688,13361,57018,15.86,0.2304,0.467,0.896,334,0.24,0.4720046731764425,Medium
PAGE_0583,3459,1419,55,11273,84384,48.36,0.227,0.768,0.195,159,0.48,0.3485123968907474,Low
PAGE_0584,2765,636,849,30549,79658,47.29,0.0476,0.493,0.112,263,0.295,0.6076868751767699,Medium
PAGE_0585,3021,195,634,41180,85649,17.41,0.098,0.9,0.812,864,0.223,0.4874400943653002,Medium
PAGE_0586,2979,40,435,1737,81522,28.97,0.1586,0.513,0.296,529,0.29,0.35446762933804515,Medium
PAGE_0587,2888,1354,261,31881,25356,45.57,0.0483,0.493,0.684,684,0.545,0.5840446928436842,Medium
PAGE_0588,1050,758,562,13752,30105,1.3,0.2423,0.767,0.749,476,0.75,0.40613624180282204,Medium
PAGE_0589,2135,830,848,5203,6738,40.72,0.2295,0.798,0.787,351,0.431,0.5157383084908185,Medium
PAGE_0590,1812,131,579,25600,37519,47.47,0.0501,0.571,0.893,544,0.88,0.5021712444251549,Medium
PAGE_0591,3825,1478,817,49896,33477,5.47,0.0391,0.253,0.335,772,0.55,0.7091411781488625,High
PAGE_0592,2257,1445,534,34900,43216,8.91,0.0305,0.498,0.668,209,0.975,0.5911985710738759,Medium
PAGE_0593,856,808,698,35629,36734,48.08,0.2283,0.923,0.192,495,0.963,0.3098036874435766,Low
PAGE_0594,2570,243,208,48063,82391,27.34,0.0565,0.74,0.425,894,0.819,0.3689897188436497,Medium
PAGE_0595,2285,1141,161,18552,23482,1.7,0.1099,0.789,0.778,841,0.946,0.44417950716583465,Medium
PAGE_0596,3069,430,852,49493,56163,13.62,0.1177,0.128,0.394,381,0.766,0.5687125817001888,Medium
PAGE_0597,2281,617,484,31274,22494,23.05,0.1538,0.498,0.573,675,0.916,0.42997976036124547,Medium
PAGE_0598,3671,918,377,35536,67889,34.95,0.0272,0.65,0.503,480,0.389,0.5310483494417885,Medium
PAGE_0599,3349,1099,569,47506,964,36.92,0.0644,0.806,0.617,918,0.476,0.5653858042697621,Medium
PAGE_0600,3751,621,801,16054,99672,49.78,0.2336,0.142,0.878,935,0.802,0.5364401220683983,Medium
PAGE_0601,3794,1363,435,17286,40322,15.09,0.228,0.825,0.145,4,0.54,0.4413468000565588,Medium
PAGE_0602,3309,1139,105,12456,13766,27.37,0.1975,0.566,0.559,33,0.87,0.38401010193848334,Medium
PAGE_0603,2989,121,608,33063,21055,27.13,0.0147,0.268,0.79,791,0.902,0.48540527336358336,Medium
PAGE_0604,2131,702,883,2287,81945,20.88,0.0885,0.37,0.485,144,0.44,0.6815518145737629,High
PAGE_0605,3316,743,521,11807,69690,9.29,0.1607,0.34,0.163,350,0.859,0.40306590151110666,Medium
PAGE_0606,1515,965,223,35198,66571,48.9,0.076,0.551,0.548,582,0.323,0.5533235626578289,Medium
PAGE_0607,1848,271,191,27035,88414,42.81,0.2283,0.144,0.366,464,0.467,0.38641791597917025,Medium
PAGE_0608,1015,31,376,21325,43398,25.42,0.1621,0.235,0.224,347,0.614,0.2698168283851848,Low
PAGE_0609,3587,254,390,3706,63208,30.56,0.0273,0.791,0.779,741,0.381,0.5088412645517317,Medium
PAGE_0610,3339,830,798,32928,49024,12.14,0.2282,0.213,0.517,124,0.663,0.539652718048719,Medium
PAGE_0611,835,618,613,26589,16809,27.65,0.2399,0.298,0.847,789,0.663,0.4349254623037718,Medium
PAGE_0612,2282,145,116,14487,9826,35.05,0.0287,0.485,0.745,270,0.366,0.42801529833534,Medium
PAGE_0613,2805,947,291,4027,60924,26.24,0.1378,0.54,0.654,356,0.837,0.4361650770842854,Medium
PAGE_0614,996,1156,243,6396,40642,49.52,0.0828,0.749,0.104,526,0.705,0.4313228746363467,Medium
PAGE_0615,1395,223,694,30544,20345,30.96,0.1043,0.48,0.442,753,0.454,0.49228841705519466,Medium
PAGE_0616,2707,1219,751,46490,34853,19.18,0.0531,0.771,0.258,497,0.386,0.6171558616523953,Medium
PAGE_0617,1351,900,602,46993,79888,38.84,0.1487,0.626,0.829,152,0.903,0.49887392689258314,Medium
PAGE_0618,2187,119,809,2691,21416,9.35,0.2399,0.196,0.24,52,0.869,0.4105915726736191,Medium
PAGE_0619,2431,151,291,44995,84798,19.84,0.1307,0.233,0.329,148,0.384,0.42881093469842596,Medium
PAGE_0620,3237,172,759,48616,16060,18.0,0.0299,0.471,0.513,502,0.228,0.6006456644535201,Medium
PAGE_0621,2927,1023,312,26247,30891,22.16,0.1588,0.437,0.311,869,0.844,0.38065934329744555,Medium
PAGE_0622,2068,135,677,38989,25316,39.31,0.0917,0.732,0.268,449,0.692,0.3936196268983758,Medium
PAGE_0623,1456,916,496,1300,32567,24.72,0.2154,0.594,0.579,218,0.281,0.5921717097169328,Medium
PAGE_0624,3238,457,409,15821,64527,39.91,0.1143,0.43,0.171,624,0.67,0.41775024081720163,Medium
PAGE_0625,3998,1358,391,19338,62147,29.25,0.0563,0.245,0.147,799,0.562,0.562995272046581,Medium
PAGE_0626,2136,346,478,11187,73390,17.76,0.0559,0.293,0.398,276,0.82,0.5171393522619575,Medium
PAGE_0627,1791,664,470,30916,47114,40.69,0.1945,0.589,0.677,451,0.367,0.4609259691340592,Medium
PAGE_0628,1940,38,122,23508,4178,12.68,0.0737,0.46,0.544,427,0.563,0.38753689899910826,Medium
PAGE_0629,1691,803,650,39840,78489,11.99,0.1941,0.538,0.438,82,0.325,0.5199151161885731,Medium
PAGE_0630,1566,1126,782,236,50619,25.72,0.0594,0.245,0.553,961,0.966,0.6450349837004778,Medium
PAGE_0631,784,1412,896,17513,4142,13.78,0.0872,0.663,0.392,217,0.823,0.6275226693225711,Medium
PAGE_0632,2944,252,453,48214,49152,1.45,0.1217,0.825,0.849,737,0.789,0.38906961387431876,Medium
PAGE_0633,511,1469,171,19078,14489,32.77,0.2364,0.319,0.144,781,0.752,0.39129647543651697,Medium
PAGE_0634,2130,582,320,761,96061,26.04,0.2336,0.518,0.639,526,0.539,0.3563460885742162,Medium
PAGE_0635,3873,1423,461,35340,68211,22.83,0.0596,0.929,0.813,403,0.939,0.5144172068714618,Medium
PAGE_0636,3824,745,778,27353,93815,48.38,0.096,0.383,0.743,289,0.258,0.6899411332005688,High
PAGE_0637,3046,1317,881,26984,50833,28.99,0.0459,0.606,0.247,419,0.843,0.5930563482931752,Medium
PAGE_0638,1253,1371,853,32954,34854,43.31,0.1324,0.177,0.337,338,0.372,0.6838152589019084,High
PAGE_0639,2582,1137,718,10804,18724,7.83,0.1205,0.615,0.674,776,0.459,0.7136752725731962,High
PAGE_0640,3274,1371,682,39087,85986,28.89,0.2262,0.176,0.167,710,0.616,0.6295659183137927,Medium
PAGE_0641,3396,140,730,24627,26781,43.53,0.2332,0.915,0.749,669,0.826,0.3595936117282773,Medium
PAGE_0642,589,280,78,16422,89624,29.57,0.1021,0.708,0.675,844,0.871,0.32945201880933134,Low
PAGE_0643,1275,412,331,47617,81106,36.18,0.128,0.77,0.684,986,0.667,0.3643663896569937,Medium
PAGE_0644,3152,36,219,7068,24804,19.23,0.2251,0.698,0.18,958,0.522,0.1768494385085292,Low
PAGE_0645,3517,488,165,27618,95013,5.53,0.2036,0.601,0.674,418,0.957,0.2867632585505191,Low
PAGE_0646,2125,1137,584,46464,94208,23.44,0.0109,0.482,0.644,908,0.397,0.6895966744060142,High
PAGE_0647,3569,237,433,27986,7593,20.33,0.0868,0.83,0.765,206,0.842,0.4110845490083108,Medium
PAGE_0648,917,929,894,1800,69739,43.49,0.1112,0.913,0.133,685,0.69,0.4304032383013381,Medium
PAGE_0649,614,1443,631,28346,54483,12.96,0.0651,0.524,0.118,695,0.502,0.6717796372590872,High
PAGE_0650,1116,1367,836,35568,3094,48.37,0.0579,0.892,0.398,264,0.201,0.6864951859450106,High
PAGE_0651,3767,51,370,23299,69380,47.95,0.0191,0.596,0.219,982,0.557,0.3409413212057659,Low
PAGE_0652,1325,439,786,44689,47334,13.13,0.1644,0.558,0.547,757,0.421,0.5244842438604658,Medium
PAGE_0653,2149,924,733,32215,47391,18.05,0.073,0.486,0.834,35,0.283,0.6749653629960771,High
PAGE_0654,2016,544,347,5620,92968,44.88,0.0226,0.278,0.413,372,0.26,0.5381582415421469,Medium
PAGE_0655,3646,1180,647,44378,5694,48.36,0.0654,0.103,0.776,487,0.478,0.709249054495877,High
PAGE_0656,912,838,392,36555,7471,22.73,0.2025,0.305,0.1,258,0.692,0.3850998655898695,Medium
PAGE_0657,3947,903,851,49848,47415,16.73,0.2144,0.533,0.235,993,0.87,0.5187525818337365,Medium
PAGE_0658,3991,43,411,21029,83664,26.78,0.1259,0.423,0.124,530,0.347,0.3774066268259898,Medium
PAGE_0659,1228,1000,262,41705,79626,34.7,0.1099,0.481,0.363,923,0.54,0.4977322497334532,Medium
PAGE_0660,3848,1007,806,15055,16726,14.4,0.2447,0.934,0.827,22,0.514,0.5515632062327219,Medium
PAGE_0661,3568,1043,373,44149,86105,37.09,0.0581,0.398,0.178,103,0.611,0.5081028656987799,Medium
PAGE_0662,3308,1065,578,14017,7230,3.53,0.0617,0.484,0.585,240,0.848,0.5365438438912042,Medium
PAGE_0663,1175,116,846,4857,6928,3.42,0.08,0.213,0.461,902,0.643,0.49825441616418187,Medium
PAGE_0664,3965,938,582,13145,57614,19.93,0.0515,0.141,0.851,872,0.877,0.636826434489995,Medium
PAGE_0665,2392,1354,558,41780,52764,18.32,0.101,0.759,0.198,715,0.615,0.5518514227347918,Medium
PAGE_0666,3004,1296,885,4833,17983,16.47,0.2286,0.585,0.27,252,0.683,0.5606684311681553,Medium
PAGE_0667,3467,151,818,31054,43159,25.06,0.1577,0.747,0.124,141,0.55,0.3890325299518944,Medium
PAGE_0668,2739,1200,848,31235,84178,16.72,0.1089,0.227,0.447,813,0.858,0.6490708029412056,Medium
PAGE_0669,3286,779,600,7181,43032,10.42,0.2343,0.586,0.322,654,0.939,0.36206526918662807,Medium
PAGE_0670,1622,1409,212,41558,61369,16.16,0.0216,0.316,0.796,450,0.711,0.6229233179641378,Medium
PAGE_0671,2071,714,70,23601,76086,48.77,0.0605,0.294,0.584,782,0.857,0.4172600481899393,Medium
PAGE_0672,1477,338,580,21213,86059,21.14,0.1458,0.11,0.591,306,0.247,0.5274320482265002,Medium
PAGE_0673,1508,724,426,34541,2135,22.79,0.1577,0.211,0.526,983,0.925,0.5089937744987536,Medium
PAGE_0674,2643,317,733,47186,40845,29.25,0.0195,0.363,0.173,499,0.351,0.5674391845747753,Medium
PAGE_0675,2187,336,808,24790,17341,49.18,0.1067,0.199,0.456,621,0.405,0.5748615978858426,Medium
PAGE_0676,3210,943,523,44039,53075,12.84,0.1658,0.938,0.9,7,0.243,0.6049605516293299,Medium
PAGE_0677,3761,691,688,29445,23254,34.38,0.1775,0.362,0.768,68,0.972,0.5639816951450899,Medium
PAGE_0678,536,578,362,46413,25725,36.08,0.1632,0.211,0.815,701,0.882,0.5502458617013624,Medium
PAGE_0679,3940,1405,156,44671,45050,30.76,0.0869,0.269,0.759,690,0.931,0.5462601765498627,Medium
PAGE_0680,2048,341,587,26929,98702,5.34,0.0324,0.6,0.182,574,0.878,0.4152280342944939,Medium
PAGE_0681,2826,902,586,35162,56496,34.17,0.1125,0.154,0.282,67,0.584,0.5841175665637333,Medium
PAGE_0682,2764,1112,30,3730,99327,4.14,0.0409,0.833,0.102,717,0.939,0.3797588873307665,Medium
PAGE_0683,3414,953,197,47961,13431,30.21,0.2374,0.917,0.343,911,0.976,0.2477651397831462,Low
PAGE_0684,1372,784,649,31970,64027,37.24,0.124,0.31,0.187,979,0.602,0.4861049098445144,Medium
PAGE_0685,2321,64,48,49398,86326,11.34,0.0861,0.483,0.478,407,0.34,0.3431886125769782,Low
PAGE_0686,1796,474,361,47321,84819,42.24,0.1939,0.119,0.642,517,0.727,0.4818051657038887,Medium
PAGE_0687,2609,122,613,45042,63114,2.49,0.1295,0.645,0.8,118,0.98,0.4196699446835286,Medium
PAGE_0688,1095,1260,485,3553,39446,42.35,0.0844,0.452,0.699,824,0.898,0.5723004744030633,Medium
PAGE_0689,2403,382,138,37375,70511,23.56,0.2049,0.33,0.851,30,0.889,0.3462995966524083,Low
PAGE_0690,1228,932,297,43470,54578,11.66,0.2181,0.276,0.143,517,0.947,0.34222070050975717,Low
PAGE_0691,1865,1385,474,38496,12354,7.56,0.1715,0.656,0.11,482,0.915,0.455121170896658,Medium
PAGE_0692,896,891,269,8428,55834,47.71,0.0213,0.454,0.629,206,0.821,0.495229189394411,Medium
PAGE_0693,1198,188,330,15634,28721,4.56,0.1459,0.253,0.331,668,0.775,0.31990766697541967,Low
PAGE_0694,3590,986,631,19844,76541,10.76,0.1932,0.686,0.303,578,0.412,0.5410231520962625,Medium
PAGE_0695,2724,53,132,19489,46221,18.04,0.0428,0.58,0.365,970,0.697,0.32467163416118977,Low
PAGE_0696,2135,433,279,36420,81518,31.39,0.0649,0.83,0.316,386,0.617,0.3587634705590719,Medium
PAGE_0697,895,834,482,49270,60297,27.7,0.2218,0.2,0.509,411,0.89,0.46821087470264333,Medium
PAGE_0698,2992,545,549,35110,84677,7.16,0.0148,0.768,0.452,841,0.593,0.4697693559106292,Medium
PAGE_0699,3804,761,182,14765,94734,15.2,0.1907,0.672,0.51,369,0.302,0.43040599113440536,Medium
PAGE_0700,575,1417,888,37965,42531,12.7,0.1237,0.198,0.638,352,0.204,0.7859648494867435,High
PAGE_0701,764,1435,203,8740,99345,11.46,0.1172,0.691,0.41,943,0.742,0.49644462054496474,Medium
PAGE_0702,3002,561,372,34816,4937,21.15,0.0117,0.475,0.301,335,0.64,0.4323346436165612,Medium
PAGE_0703,2319,985,699,25621,90125,35.5,0.2067,0.903,0.233,890,0.465,0.45591665230565054,Medium
PAGE_0704,1217,181,460,30149,83263,11.66,0.0964,0.22,0.38,905,0.335,0.48532857841983734,Medium
PAGE_0705,3282,976,756,5718,71332,18.97,0.1398,0.646,0.693,288,0.573,0.5642140343896334,Medium
PAGE_0706,3955,637,718,37104,49094,20.15,0.1726,0.425,0.705,995,0.28,0.6140692262652712,Medium
PAGE_0707,1350,449,716,2020,79179,48.85,0.1786,0.913,0.634,962,0.469,0.4451681200921712,Medium
PAGE_0708,1890,1303,881,44037,12715,47.78,0.2394,0.38,0.287,964,0.503,0.6004514950558171,Medium
PAGE_0709,643,1170,879,4288,1566,40.21,0.1375,0.918,0.57,139,0.572,0.6188046909569225,Medium
PAGE_0710,1384,895,687,12307,30871,12.84,0.1059,0.866,0.557,952,0.573,0.5499048693266185,Medium
PAGE_0711,3640,607,353,338,83986,4.33,0.2389,0.33,0.487,299,0.406,0.3962766437263636,Medium
PAGE_0712,3670,364,702,33072,66011,16.53,0.1641,0.783,0.54,12,0.88,0.37137094568301876,Medium
PAGE_0713,895,1471,668,10899,98666,14.07,0.0816,0.946,0.493,663,0.484,0.6188465181803345,Medium
PAGE_0714,3596,961,449,5652,20846,25.79,0.0404,0.315,0.552,427,0.384,0.6554374181583198,High
PAGE_0715,3495,324,623,29016,88522,39.11,0.2122,0.471,0.672,824,0.341,0.4715957561664273,Medium
PAGE_0716,3438,784,514,5027,60839,43.06,0.0969,0.542,0.188,863,0.458,0.4947511599413912,Medium
PAGE_0717,1992,1424,688,28064,98287,42.4,0.1685,0.351,0.7,399,0.254,0.7116531687473747,High
PAGE_0718,3722,215,780,11264,73469,18.62,0.123,0.113,0.209,991,0.226,0.5686269755516524,Medium
PAGE_0719,1667,1299,441,37258,1993,34.67,0.0577,0.287,0.153,108,0.684,0.5285115788770186,Medium
PAGE_0720,3116,666,113,19171,30673,16.33,0.1544,0.34,0.881,484,0.695,0.4057201471952267,Medium
PAGE_0721,1562,1321,142,48509,97007,3.98,0.0246,0.477,0.866,887,0.624,0.539901778482047,Medium
PAGE_0722,2656,1290,766,6260,40974,35.38,0.1092,0.245,0.148,355,0.81,0.5938190550839195,Medium
PAGE_0723,1565,559,361,15910,77462,1.48,0.1412,0.842,0.455,148,0.231,0.3864098487411287,Medium
PAGE_0724,1709,50,407,5226,87560,21.05,0.1147,0.699,0.249,878,0.949,0.33254288018256395,Low
PAGE_0725,3482,940,784,30109,33467,17.14,0.1897,0.172,0.488,715,0.276,0.6613590371895434,High
PAGE_0726,2945,896,684,33684,21299,34.98,0.2087,0.653,0.764,306,0.739,0.466590658493329,Medium
PAGE_0727,3794,823,70,46282,91504,38.55,0.1951,0.656,0.86,532,0.307,0.47683281120218723,Medium
PAGE_0728,1133,129,799,25496,74428,15.9,0.0193,0.913,0.607,59,0.904,0.48580050464067337,Medium
PAGE_0729,1656,781,826,292,57824,40.77,0.0566,0.103,0.383,434,0.609,0.6909406135366494,High
PAGE_0730,3734,507,134,36513,86233,15.4,0.1388,0.311,0.583,20,0.266,0.4407556269126336,Medium
PAGE_0731,1738,1351,231,12916,36505,22.87,0.2344,0.889,0.35,874,0.693,0.3775082967134319,Medium
PAGE_0732,1232,969,479,39182,98332,36.62,0.2104,0.892,0.828,381,0.207,0.5558244630247243,Medium
PAGE_0733,734,555,848,32230,16089,34.95,0.2122,0.712,0.796,244,0.821,0.5217001589371604,Medium
PAGE_0734,3205,363,872,40242,29031,49.38,0.0828,0.751,0.547,901,0.72,0.45818549272878684,Medium
PAGE_0735,1250,31,295,36568,9390,12.03,0.1131,0.178,0.36,72,0.37,0.4170998656816021,Medium
PAGE_0736,3135,404,239,30798,38467,33.45,0.123,0.537,0.335,448,0.5,0.35255750224241367,Medium
PAGE_0737,3580,322,592,10755,79978,30.87,0.0478,0.297,0.127,75,0.206,0.5953326168416523,Medium
PAGE_0738,3645,866,147,47997,90577,45.84,0.0175,0.254,0.753,697,0.755,0.5639650533489673,Medium
PAGE_0739,1453,1034,742,30175,79581,8.66,0.2373,0.789,0.46,589,0.458,0.5190629896870229,Medium
PAGE_0740,3039,582,406,9459,76398,37.84,0.0678,0.215,0.36,389,0.657,0.5146328828932707,Medium
PAGE_0741,3460,347,580,36761,30233,28.85,0.0676,0.498,0.477,576,0.965,0.44795412308776134,Medium
PAGE_0742,3824,410,569,39679,27152,14.46,0.03,0.898,0.755,341,0.44,0.4997624674823085,Medium
PAGE_0743,3801,43,800,42156,85589,24.25,0.2328,0.258,0.2,289,0.992,0.3229358284257046,Low
PAGE_0744,2042,533,113,33372,40575,17.36,0.1491,0.931,0.786,567,0.706,0.33121323871281694,Low
PAGE_0745,1697,260,483,42681,82766,29.39,0.1701,0.945,0.818,330,0.394,0.3923324286808518,Medium
PAGE_0746,2176,1137,696,14771,96722,44.56,0.2288,0.572,0.857,258,0.549,0.5543915129738143,Medium
PAGE_0747,1691,159,658,27148,57756,28.9,0.0929,0.245,0.418,425,0.792,0.46266190403383883,Medium
PAGE_0748,2717,867,543,10838,4733,31.95,0.1592,0.369,0.274,701,0.557,0.4747923464063238,Medium
PAGE_0749,1916,1198,634,26063,17404,26.42,0.0193,0.461,0.399,5,0.255,0.6929867349275453,High
PAGE_0750,3493,920,707,44054,97920,3.51,0.0548,0.363,0.366,5,0.335,0.6338116653437663,Medium
PAGE_0751,3342,57,416,6873,46646,12.41,0.2095,0.339,0.241,190,0.833,0.2641486846597442,Low
PAGE_0752,3181,95,379,36684,7108,25.11,0.194,0.926,0.586,147,0.719,0.2438101640794742,Low
PAGE_0753,1717,1216,325,29994,48391,16.2,0.0942,0.23,0.481,404,0.656,0.5672684331569248,Medium
PAGE_0754,2040,1282,287,817,27505,9.91,0.1004,0.723,0.793,257,0.334,0.6115200593268335,Medium
PAGE_0755,2576,290,110,11776,36486,25.7,0.1381,0.1,0.126,729,0.87,0.32317725772947925,Low
PAGE_0756,3736,1477,297,4534,91009,16.82,0.0101,0.607,0.615,478,0.969,0.5169160277806663,Medium
PAGE_0757,1945,489,448,49910,20927,13.65,0.0679,0.879,0.71,89,0.233,0.5395080783858828,Medium
PAGE_0758,2886,330,264,37925,33140,23.74,0.06,0.345,0.708,823,0.262,0.5511309376252685,Medium
PAGE_0759,2019,948,862,29200,60454,7.53,0.0701,0.258,0.809,863,0.908,0.6989637577474794,High
PAGE_0760,1888,1356,340,5094,78643,46.46,0.2034,0.654,0.683,9,0.852,0.4933739254646553,Medium
PAGE_0761,2356,316,842,4334,18257,43.52,0.0771,0.706,0.842,86,0.694,0.5274548297309545,Medium
PAGE_0762,1865,1448,386,3864,97793,35.67,0.056,0.685,0.366,761,0.956,0.49500036143564985,Medium
PAGE_0763,999,1063,242,44049,35415,6.2,0.131,0.371,0.503,837,0.717,0.5328750165343268,Medium
PAGE_0764,2180,659,603,37505,36032,39.02,0.2178,0.314,0.111,150,0.373,0.5067178781110209,Medium
PAGE_0765,1010,299,78,34972,21264,40.59,0.0679,0.913,0.106,987,0.783,0.22566234319047943,Low
PAGE_0766,3898,621,156,42315,14514,38.62,0.0288,0.885,0.292,624,0.717,0.37178000940672146,Medium
PAGE_0767,716,873,252,23285,14427,6.58,0.0955,0.489,0.181,29,0.989,0.39126799614280505,Medium
PAGE_0768,1824,891,308,43542,1046,32.55,0.1894,0.819,0.308,127,0.371,0.4440337834090504,Medium
PAGE_0769,1655,1414,437,41253,14793,41.88,0.1422,0.484,0.242,77,0.678,0.5226828561425868,Medium
PAGE_0770,2327,1310,534,12099,27341,29.29,0.206,0.461,0.123,420,0.824,0.40906472636897245,Medium
PAGE_0771,3641,162,323,36587,95890,32.67,0.2403,0.233,0.827,54,0.471,0.40336759992285187,Medium
PAGE_0772,3823,1329,825,2681,15640,23.46,0.2002,0.462,0.107,479,0.504,0.6555694331196331,High
PAGE_0773,3986,1001,306,2863,72355,26.91,0.1549,0.557,0.689,304,0.91,0.4040680289456284,Medium
PAGE_0774,2310,542,467,27474,64857,2.68,0.1284,0.119,0.222,545,0.523,0.48751281809327185,Medium
PAGE_0775,2992,342,136,38859,41303,32.31,0.0196,0.477,0.83,104,0.7,0.5314182254297957,Medium
PAGE_0776,3423,605,687,10631,25181,4.99,0.2462,0.764,0.814,171,0.911,0.3824710360797997,Medium
PAGE_0777,1705,915,449,25407,61961,22.32,0.102,0.678,0.623,498,0.368,0.46532079273798765,Medium
PAGE_0778,2714,1337,640,30935,11450,15.34,0.0465,0.64,0.638,21,0.986,0.518098970959983,Medium
PAGE_0779,590,1174,458,11164,55612,27.73,0.17,0.873,0.104,286,0.762,0.3528346921981961,Medium
PAGE_0780,1213,1160,404,11412,56909,7.54,0.0782,0.115,0.888,390,0.597,0.6210364018727466,Medium
PAGE_0781,2381,716,102,37648,97657,34.89,0.1506,0.573,0.802,616,0.545,0.46148835345120837,Medium
PAGE_0782,538,1257,663,37045,42932,39.96,0.1508,0.769,0.816,148,0.963,0.5450976565376293,Medium
PAGE_0783,3697,194,59,48037,28469,9.0,0.117,0.56,0.627,271,0.365,0.3100626591378266,Low
PAGE_0784,672,334,217,6576,31828,6.11,0.2107,0.375,0.376,787,0.449,0.30127502878779616,Low
PAGE_0785,1152,185,393,24665,17676,8.13,0.0736,0.216,0.815,298,0.446,0.5779942147926052,Medium
PAGE_0786,1253,1420,895,2482,29101,43.98,0.1177,0.854,0.333,171,0.431,0.6305969938931872,Medium
PAGE_0787,1743,649,829,49783,83484,26.88,0.139,0.5,0.55,46,0.575,0.6016144958872722,Medium
PAGE_0788,1581,1304,480,22563,490,23.9,0.1693,0.846,0.18,625,0.991,0.4139736563839199,Medium
PAGE_0789,2183,986,224,45376,87635,6.23,0.1982,0.598,0.838,786,0.911,0.3771588233252466,Medium
PAGE_0790,3023,363,185,33502,45536,32.83,0.1048,0.673,0.213,815,0.462,0.36479015308116775,Medium
PAGE_0791,955,998,201,26445,11669,43.53,0.1651,0.784,0.28,991,0.538,0.3892588653162346,Medium
PAGE_0792,1328,540,876,44864,13129,41.58,0.0461,0.66,0.547,206,0.736,0.5028050380387779,Medium
PAGE_0793,1394,1346,70,27046,22590,31.68,0.2338,0.438,0.711,452,0.214,0.47273287234536604,Medium
PAGE_0794,1884,1073,92,14262,45975,4.69,0.1019,0.537,0.595,394,0.856,0.5058012257639518,Medium
PAGE_0795,2458,311,52,49254,5967,6.51,0.1851,0.783,0.286,974,0.904,0.15398301508421006,Low
PAGE_0796,3572,826,389,46873,80920,3.42,0.0149,0.418,0.101,924,0.886,0.4695334112677708,Medium
PAGE_0797,2934,1054,104,8497,99615,13.62,0.0592,0.43,0.706,753,0.5,0.5388049219988078,Medium
PAGE_0798,2496,148,589,22435,9221,7.65,0.1269,0.181,0.888,300,0.57,0.5505439407785524,Medium
PAGE_0799,2895,1088,701,45195,1639,13.74,0.2208,0.877,0.748,707,0.21,0.5637795024012568,Medium
PAGE_0800,689,227,854,14494,91124,19.87,0.1365,0.177,0.468,675,0.52,0.5827500632327399,Medium
PAGE_0801,1004,514,147,27297,17127,47.21,0.2332,0.651,0.823,175,0.568,0.38004972533058784,Medium
PAGE_0802,1714,1112,641,22110,74329,30.91,0.1261,0.451,0.428,854,0.926,0.5262388481383394,Medium
PAGE_0803,2031,866,409,24223,9021,41.91,0.1277,0.445,0.52,782,0.915,0.4266013642474649,Medium
PAGE_0804,3940,1214,708,22487,50535,35.81,0.0387,0.678,0.482,109,0.973,0.5535663347715356,Medium
PAGE_0805,3980,1038,319,2990,10410,6.51,0.2026,0.157,0.458,683,0.908,0.39940129798475954,Medium
PAGE_0806,1323,720,469,27869,64065,37.06,0.0693,0.605,0.72,962,0.207,0.5848093431694363,Medium
PAGE_0807,1428,1259,697,43726,96544,14.48,0.2259,0.756,0.521,863,0.713,0.44202279954223805,Medium
PAGE_0808,1433,1065,36,8126,70022,32.32,0.2286,0.804,0.353,201,0.255,0.36350541599137215,Medium
PAGE_0809,1640,519,225,3406,97899,17.71,0.2364,0.245,0.307,167,0.418,0.38283994685973505,Medium
PAGE_0810,633,305,450,33765,94048,49.89,0.1349,0.863,0.13,613,0.663,0.33048422551622453,Low
PAGE_0811,2605,722,597,9377,82939,13.91,0.1725,0.658,0.567,85,0.76,0.41118075953589833,Medium
PAGE_0812,1184,271,862,42339,12342,14.68,0.1968,0.85,0.284,653,0.724,0.3315430298563526,Low
PAGE_0813,3219,1269,222,47764,9047,46.6,0.0414,0.512,0.219,958,0.239,0.6096343743890211,Medium
PAGE_0814,2720,1304,588,48108,71566,2.21,0.1542,0.561,0.623,848,0.283,0.5878014194447783,Medium
PAGE_0815,2352,155,177,14783,61916,35.14,0.0182,0.881,0.645,724,0.303,0.4797664865705702,Medium
PAGE_0816,1314,246,816,770,48885,36.54,0.1294,0.865,0.702,50,0.273,0.493376419837713,Medium
PAGE_0817,1672,1359,698,23775,607,41.98,0.0472,0.481,0.503,111,0.343,0.682333862228704,High
PAGE_0818,579,1238,231,17989,67072,48.75,0.0539,0.333,0.815,462,0.751,0.6189942953714123,Medium
PAGE_0819,3433,1092,473,44635,27251,48.8,0.0976,0.434,0.849,441,0.865,0.5911328569720429,Medium
PAGE_0820,3784,1276,448,13106,11718,4.2,0.1138,0.43,0.746,270,0.527,0.669004993326724,High
PAGE_0821,702,1237,456,48636,74386,41.27,0.1596,0.344,0.608,576,0.754,0.49026754209976026,Medium
PAGE_0822,3311,524,508,26631,16222,32.67,0.0279,0.328,0.343,343,0.36,0.5802746183897081,Medium
PAGE_0823,1752,456,504,21739,7454,32.72,0.1309,0.832,0.886,182,0.979,0.4041307933708956,Medium
PAGE_0824,2199,1231,155,16733,31079,7.29,0.0538,0.159,0.319,502,0.48,0.535995936144759,Medium
PAGE_0825,1750,948,424,34760,86536,32.86,0.1478,0.676,0.262,843,0.877,0.44473640901225453,Medium
PAGE_0826,2182,1481,846,3539,79476,49.14,0.163,0.247,0.454,9,0.956,0.6323771606331594,Medium
PAGE_0827,2055,1347,835,32272,52874,45.68,0.1436,0.393,0.145,493,0.892,0.5561100823343782,Medium
PAGE_0828,3973,180,605,35722,5137,22.52,0.1872,0.152,0.883,233,0.254,0.58129463121226,Medium
PAGE_0829,2594,413,354,11677,28733,2.96,0.0905,0.329,0.571,297,0.72,0.4058827053199504,Medium
PAGE_0830,1756,337,421,11863,24595,18.75,0.1936,0.753,0.546,243,0.296,0.35942070812625804,Medium
PAGE_0831,3876,1389,717,20276,64650,41.49,0.1139,0.852,0.625,508,0.205,0.6514146986272047,High
PAGE_0832,2049,775,657,44486,81484,35.37,0.1262,0.288,0.498,350,0.241,0.6284553837571618,Medium
PAGE_0833,1666,921,469,24355,36583,23.51,0.1655,0.494,0.126,266,0.933,0.4208112533235695,Medium
PAGE_0834,3986,404,233,41103,73473,3.7,0.0144,0.5,0.59,629,0.927,0.3949068075684728,Medium
PAGE_0835,1896,1061,515,20096,34169,21.92,0.167,0.843,0.673,655,0.381,0.48966237152117026,Medium
PAGE_0836,3830,1394,862,35486,7470,23.98,0.1585,0.748,0.433,892,0.638,0.6044150132248274,Medium
PAGE_0837,3203,158,60,21162,72047,46.5,0.0844,0.536,0.706,200,0.964,0.3105830596890342,Low
PAGE_0838,970,1044,417,36031,39233,32.41,0.0306,0.67,0.282,238,0.597,0.4581184347249682,Medium
PAGE_0839,3518,698,654,35810,96135,16.27,0.0318,0.82,0.277,333,0.515,0.483068735798515,Medium
PAGE_0840,1535,1405,463,34793,95861,26.74,0.2316,0.108,0.229,914,0.587,0.52590918261978,Medium
PAGE_0841,1853,1411,866,35840,792,4.24,0.1754,0.442,0.398,414,0.832,0.5893116724864353,Medium
PAGE_0842,3283,546,405,11805,29026,48.66,0.0405,0.871,0.778,968,0.582,0.489945748184997,Medium
PAGE_0843,3331,115,373,43508,99882,18.64,0.0956,0.729,0.762,483,0.827,0.33275263542082195,Low
PAGE_0844,1467,1228,472,28147,74084,24.42,0.1522,0.561,0.406,436,0.545,0.5183717798566521,Medium
PAGE_0845,857,1246,608,11066,43490,18.41,0.2105,0.55,0.571,998,0.402,0.596206795753781,Medium
PAGE_0846,3519,340,104,17474,49693,34.44,0.0205,0.396,0.677,245,0.461,0.3925154154229297,Medium
PAGE_0847,3979,1172,586,11238,75709,33.45,0.0668,0.542,0.293,857,0.262,0.6112871891397118,Medium
PAGE_0848,1167,1271,801,16035,5309,36.05,0.2235,0.657,0.235,7,0.598,0.4605075445352235,Medium
PAGE_0849,872,456,695,46013,6633,14.14,0.0122,0.456,0.878,151,0.318,0.6725574937816043,High
PAGE_0850,1531,1467,184,589,86697,16.47,0.0583,0.707,0.594,391,0.849,0.4620653421257264,Medium
PAGE_0851,1645,143,459,44616,7311,7.14,0.2402,0.832,0.885,210,0.536,0.3585189027137584,Medium
PAGE_0852,1871,1198,392,22360,10027,33.12,0.1572,0.231,0.37,366,0.812,0.5503735359564482,Medium
PAGE_0853,3223,332,477,26169,77563,2.95,0.0728,0.484,0.662,943,0.964,0.4093028930005348,Medium
PAGE_0854,589,773,263,19375,24694,30.29,0.0261,0.447,0.278,669,0.88,0.4134678830762789,Medium
PAGE_0855,3245,617,592,36384,74952,43.62,0.0168,0.684,0.309,569,0.961,0.43924668173923825,Medium
PAGE_0856,3887,1016,847,39278,77813,44.65,0.0687,0.312,0.51,85,0.654,0.6736293534857727,High
PAGE_0857,3749,374,291,32921,76482,23.0,0.2216,0.644,0.356,54,0.332,0.30800194519955065,Low
PAGE_0858,1039,843,856,17099,8033,23.51,0.1098,0.846,0.234,712,0.948,0.4413358875585647,Medium
PAGE_0859,3279,830,154,38812,40796,4.77,0.1829,0.455,0.31,633,0.895,0.30906418152808407,Low
PAGE_0860,1368,1054,274,40272,65549,33.87,0.2304,0.874,0.129,445,0.892,0.2536363973801314,Low
PAGE_0861,540,1200,571,33822,67716,41.24,0.1079,0.944,0.664,619,0.755,0.5268112285597724,Medium
PAGE_0862,1239,1340,514,10725,6189,12.99,0.0559,0.19,0.494,303,0.7,0.6664808037759355,High
PAGE_0863,2446,1106,151,1729,56648,21.64,0.1341,0.298,0.175,131,0.212,0.4560082028177431,Medium
PAGE_0864,3049,1357,154,11073,26223,42.1,0.2279,0.908,0.237,420,0.798,0.3178607984854448,Low
PAGE_0865,3506,1122,578,6959,7897,43.98,0.203,0.915,0.182,903,0.273,0.54971729204618,Medium
PAGE_0866,3716,390,199,41709,50113,12.92,0.0258,0.183,0.59,384,0.408,0.576918975002583,Medium
PAGE_0867,1724,1273,153,43407,8446,27.98,0.1762,0.113,0.175,987,0.641,0.4419076047612379,Medium
PAGE_0868,1428,1039,898,45550,85514,10.43,0.1473,0.237,0.703,197,0.561,0.6894159947508048,High
PAGE_0869,2536,733,64,36146,33772,5.99,0.2278,0.947,0.116,46,0.213,0.267668207583845,Low
PAGE_0870,3008,604,116,21939,17753,45.64,0.0394,0.253,0.3,739,0.859,0.4246547526801718,Medium
PAGE_0871,3279,1214,675,27316,49656,41.2,0.1382,0.527,0.813,756,0.903,0.5737302291191989,Medium
PAGE_0872,3299,1142,737,19045,26240,38.24,0.2211,0.821,0.675,202,0.745,0.4916599493722607,Medium
PAGE_0873,1424,717,815,6639,1284,3.39,0.1084,0.117,0.158,260,0.633,0.5509463925816956,Medium
PAGE_0874,3456,810,230,49622,34593,42.34,0.1257,0.614,0.757,689,0.969,0.44265426846660316,Medium
PAGE_0875,2081,614,398,33725,44248,22.46,0.0269,0.335,0.494,23,0.296,0.5929502475284926,Medium
PAGE_0876,3824,618,826,4986,24946,17.78,0.0768,0.833,0.777,686,0.79,0.5525322370095229,Medium
PAGE_0877,889,1212,106,45813,22295,27.78,0.0879,0.341,0.581,785,0.303,0.6095169299291008,Medium
PAGE_0878,2117,518,88,7585,5706,5.48,0.2368,0.684,0.645,339,0.505,0.3519374180681731,Medium
PAGE_0879,3430,1000,460,31555,4056,38.08,0.0778,0.673,0.895,411,0.668,0.6033104965366124,Medium
PAGE_0880,755,1377,667,46548,16655,29.54,0.1206,0.288,0.286,972,0.79,0.6267571446855844,Medium
PAGE_0881,1208,1434,529,16867,90485,10.14,0.1711,0.13,0.599,260,0.203,0.7428755982479883,High
PAGE_0882,2338,1155,138,47265,18790,10.22,0.0489,0.448,0.468,285,0.408,0.5181280924498046,Medium
PAGE_0883,2444,523,765,28553,58602,10.03,0.1267,0.346,0.132,512,0.631,0.4780029914419856,Medium
PAGE_0884,2997,48,307,10844,48949,3.79,0.1872,0.788,0.112,85,0.626,0.23827067220592377,Low
PAGE_0885,509,426,97,37202,26447,29.8,0.218,0.78,0.195,849,0.71,0.17673966825619253,Low
PAGE_0886,3371,1030,98,12326,98825,42.18,0.1603,0.488,0.619,429,0.443,0.4552334789758042,Medium
PAGE_0887,1297,1332,194,27969,91421,1.86,0.1706,0.616,0.554,580,0.632,0.4700836277454455,Medium
PAGE_0888,3813,880,518,22688,49156,3.4,0.0403,0.614,0.543,30,0.352,0.587910378403158,Medium
PAGE_0889,3822,1418,334,13540,63951,29.07,0.237,0.803,0.125,709,0.349,0.41901945136918484,Medium
PAGE_0890,1376,1384,703,31809,98334,41.16,0.0418,0.461,0.475,602,0.661,0.6342638038990084,Medium
PAGE_0891,1528,1397,394,47888,81602,17.01,0.1959,0.334,0.84,439,0.748,0.5688495809917063,Medium
PAGE_0892,3690,851,883,22595,96733,18.13,0.0736,0.325,0.418,984,0.296,0.6890996108743143,High
PAGE_0893,1515,484,850,37119,81518,30.22,0.2341,0.556,0.6,348,0.298,0.5733123532488631,Medium
PAGE_0894,2324,754,408,45048,70311,14.44,0.1828,0.482,0.724,894,0.652,0.4619611167735249,Medium
PAGE_0895,873,1118,372,49008,41950,2.3,0.1909,0.474,0.727,411,0.416,0.5232354202106682,Medium
PAGE_0896,3636,1129,583,1022,78645,37.03,0.0626,0.177,0.515,527,0.514,0.6875172106724324,High
PAGE_0897,2693,740,383,27626,27943,31.66,0.1163,0.711,0.786,309,0.521,0.40185530963377347,Medium
PAGE_0898,723,172,445,8057,62420,29.46,0.1583,0.282,0.413,948,0.343,0.4355217685588837,Medium
PAGE_0899,1762,946,138,48664,29893,37.34,0.1948,0.267,0.811,395,0.201,0.5259585961486234,Medium
PAGE_0900,2724,857,592,34098,39616,34.09,0.035,0.451,0.292,787,0.883,0.5263498719264235,Medium
PAGE_0901,2302,634,791,43495,17957,11.09,0.241,0.294,0.324,337,0.772,0.49179789874132995,Medium
PAGE_0902,1352,1470,526,24131,19727,18.27,0.2237,0.596,0.142,673,0.752,0.4943073248559294,Medium
PAGE_0903,3853,334,370,10106,61922,7.18,0.0749,0.416,0.736,436,0.637,0.4916739861431259,Medium
PAGE_0904,562,765,412,37801,84201,7.36,0.2075,0.482,0.434,703,0.761,0.35115504421223326,Medium
PAGE_0905,1740,320,562,47163,91661,34.13,0.1344,0.557,0.283,662,0.949,0.33803995736531967,Low
PAGE_0906,3374,131,329,26039,52348,43.07,0.1208,0.273,0.285,364,0.733,0.347811274029502,Low
PAGE_0907,3342,1320,168,49245,55898,48.17,0.0855,0.232,0.821,922,0.412,0.6495997961073974,Medium
PAGE_0908,1188,896,388,20424,93468,31.79,0.1494,0.848,0.767,112,0.656,0.4571862850937018,Medium
PAGE_0909,1984,997,865,22967,44216,10.02,0.1852,0.469,0.543,784,0.554,0.5713866117204657,Medium
PAGE_0910,2133,1003,528,303,75418,6.18,0.1086,0.45,0.593,175,0.645,0.5230572134091727,Medium
PAGE_0911,2652,871,414,16644,88002,40.83,0.161,0.13,0.479,148,0.614,0.4957260263440405,Medium
PAGE_0912,3670,991,633,15999,28657,29.36,0.1778,0.523,0.413,177,0.887,0.43940959349303405,Medium
PAGE_0913,1010,971,309,29163,71434,31.3,0.1807,0.571,0.832,935,0.721,0.5193606431394152,Medium
PAGE_0914,884,1056,666,25444,75263,39.29,0.0225,0.575,0.2,381,0.351,0.5933102418108013,Medium
PAGE_0915,904,114,512,3848,78102,35.46,0.2163,0.701,0.435,222,0.25,0.3736018594492655,Medium
PAGE_0916,3370,357,140,39586,42714,41.89,0.12,0.251,0.376,258,0.539,0.42366435336153896,Medium
PAGE_0917,1017,845,895,1193,12820,3.75,0.073,0.314,0.499,784,0.212,0.719552504148535,High
PAGE_0918,975,483,168,15328,57708,37.63,0.068,0.789,0.466,188,0.455,0.36165325410497634,Medium
PAGE_0919,2500,658,464,20984,72195,42.69,0.1259,0.905,0.515,305,0.494,0.46225699527842296,Medium
PAGE_0920,3256,1274,538,25283,84794,15.02,0.2228,0.216,0.212,377,0.5,0.5407678358133233,Medium
PAGE_0921,2168,1207,302,16134,96552,32.38,0.1008,0.523,0.511,601,0.983,0.4027498123688157,Medium
PAGE_0922,2393,694,128,5810,87693,16.39,0.1899,0.282,0.294,342,0.443,0.4297594208576062,Medium
PAGE_0923,3318,41,793,42600,35992,47.94,0.0332,0.151,0.247,773,0.412,0.5905702799819895,Medium
PAGE_0924,1960,1186,879,19359,77342,2.64,0.1243,0.377,0.152,155,0.304,0.6596916812595741,High
PAGE_0925,3594,333,133,36059,77706,29.41,0.248,0.222,0.71,711,0.609,0.4060484601264218,Medium
PAGE_0926,3544,1346,243,33557,1024,9.16,0.1949,0.703,0.442,54,0.323,0.5044406977720435,Medium
PAGE_0927,3224,1004,790,20243,51422,35.9,0.0605,0.554,0.601,765,0.693,0.6600604764854086,High
PAGE_0928,1213,1353,693,2203,26578,9.62,0.1303,0.222,0.682,441,0.324,0.757712047721556,High
PAGE_0929,582,812,791,465,71142,12.53,0.0661,0.108,0.643,684,0.661,0.6981957641667649,High
PAGE_0930,1668,72,816,46878,46518,25.22,0.1083,0.787,0.476,199,0.861,0.34642684794921885,Low
PAGE_0931,3656,973,194,44635,62317,45.83,0.1972,0.25,0.41,402,0.234,0.44328042670643586,Medium
PAGE_0932,3649,372,882,16203,90240,11.37,0.1951,0.615,0.401,613,0.536,0.49156521448528606,Medium
PAGE_0933,3004,1379,549,32610,80946,8.07,0.0647,0.386,0.612,796,0.569,0.7025461888389206,High
PAGE_0934,2401,527,313,24576,73862,38.19,0.2313,0.598,0.496,662,0.833,0.2896370202951697,Low
PAGE_0935,2548,393,546,12842,11881,25.53,0.1522,0.368,0.779,622,0.574,0.47455044802035296,Medium
PAGE_0936,550,920,686,12491,5615,45.68,0.1012,0.174,0.8,927,0.654,0.6680706152149165,High
PAGE_0937,1184,456,642,37040,36233,8.18,0.1305,0.29,0.236,777,0.833,0.398555023958988,Medium
PAGE_0938,1216,1034,193,29001,82608,32.65,0.1552,0.26,0.209,602,0.648,0.4277186202318408,Medium
PAGE_0939,1969,50,688,32101,97728,12.41,0.1444,0.464,0.604,176,0.487,0.4602123613500975,Medium
PAGE_0940,948,436,93,15723,77046,8.68,0.1267,0.66,0.341,448,0.269,0.3578462989099528,Medium
PAGE_0941,1380,648,120,2478,85158,34.49,0.1312,0.324,0.115,742,0.784,0.3919295972038257,Medium
PAGE_0942,987,1044,146,21472,9195,30.09,0.0523,0.11,0.811,540,0.897,0.5418447006906225,Medium
PAGE_0943,2323,365,895,44899,88683,37.99,0.2051,0.541,0.282,954,0.976,0.3908478163739088,Medium
PAGE_0944,2581,1170,296,38537,20570,16.16,0.14,0.615,0.843,300,0.941,0.4414630917247006,Medium
PAGE_0945,3919,1177,851,35603,43229,22.95,0.0415,0.918,0.674,706,0.838,0.6370556655519182,Medium
PAGE_0946,2642,428,714,30846,8631,20.87,0.1939,0.601,0.71,306,0.715,0.45310576761012594,Medium
PAGE_0947,3643,822,588,28023,37138,49.22,0.2338,0.5,0.261,750,0.825,0.42573591402499966,Medium
PAGE_0948,2074,744,169,9967,88039,15.32,0.2374,0.587,0.287,868,0.546,0.24370234215828365,Low
PAGE_0949,2701,80,275,41358,42774,15.45,0.0986,0.889,0.517,990,0.676,0.3036738483387261,Low
PAGE_0950,749,353,690,33824,94758,18.37,0.0425,0.804,0.238,895,0.479,0.47211382606969726,Medium
PAGE_0951,1173,818,787,9406,82576,28.67,0.1344,0.375,0.344,266,0.461,0.6068612538927203,Medium
PAGE_0952,937,170,424,39491,29931,13.36,0.037,0.302,0.357,213,0.805,0.41292892533194997,Medium
PAGE_0953,2665,499,516,15008,57274,45.85,0.2342,0.323,0.228,593,0.563,0.4155847444317348,Medium
PAGE_0954,1270,816,505,27181,11379,14.02,0.0541,0.529,0.264,639,0.37,0.5274891567863643,Medium
PAGE_0955,3877,1387,546,37328,38320,44.89,0.0707,0.732,0.731,482,0.362,0.6622093820337923,High
PAGE_0956,767,993,213,23486,60710,6.07,0.1076,0.528,0.234,261,0.887,0.41568188005098267,Medium
PAGE_0957,2484,1037,49,46854,52819,33.17,0.102,0.158,0.123,66,0.742,0.3935124699757588,Medium
PAGE_0958,1577,402,587,45506,53151,45.44,0.2007,0.715,0.603,573,0.637,0.42349198456637116,Medium
PAGE_0959,735,523,553,28402,72113,9.27,0.1195,0.785,0.881,132,0.521,0.517219299381803,Medium
PAGE_0960,888,780,611,19312,56752,48.45,0.051,0.346,0.365,648,0.545,0.5702675538485596,Medium
PAGE_0961,3537,1209,558,35718,65624,23.19,0.0741,0.665,0.195,539,0.246,0.5632938021389207,Medium
PAGE_0962,1262,320,176,46167,83036,47.34,0.1322,0.463,0.556,511,0.564,0.3187829117437537,Low
PAGE_0963,2348,1197,695,10798,6570,34.16,0.0454,0.856,0.825,210,0.836,0.604346465753676,Medium
PAGE_0964,2948,135,333,4694,67698,15.78,0.1568,0.818,0.727,987,0.51,0.3478099498299721,Low
PAGE_0965,1123,1473,649,25625,41898,10.23,0.1458,0.547,0.598,986,0.507,0.6539161749827898,High
PAGE_0966,3314,699,777,14382,53573,15.88,0.1815,0.688,0.352,716,0.213,0.5407566056481368,Medium
PAGE_0967,3874,31,849,49153,19980,5.56,0.235,0.851,0.534,252,0.566,0.4014535191308421,Medium
PAGE_0968,3466,618,893,14434,44539,8.05,0.2289,0.521,0.173,37,0.22,0.5415063229650265,Medium
PAGE_0969,3778,673,611,29279,14408,6.13,0.2371,0.366,0.643,42,0.656,0.57106724743268,Medium
PAGE_0970,1752,119,724,6744,91663,21.72,0.0687,0.741,0.68,628,0.605,0.5010453546216791,Medium
PAGE_0971,3400,1398,791,35718,96356,39.98,0.0416,0.287,0.872,404,0.872,0.7183536600955214,High
PAGE_0972,1077,379,257,47801,35181,7.93,0.0825,0.43,0.308,986,0.665,0.4148802341201528,Medium
PAGE_0973,2622,1316,131,33033,75342,7.39,0.2248,0.836,0.115,701,0.459,0.39087489947392623,Medium
PAGE_0974,934,1404,616,43569,50483,32.53,0.2433,0.716,0.536,45,0.613,0.5234058086203608,Medium
PAGE_0975,2650,1161,446,33787,9937,10.66,0.2162,0.443,0.665,453,0.76,0.429762379454842,Medium
PAGE_0976,3993,1092,245,41173,52251,5.78,0.0364,0.283,0.732,677,0.275,0.6709652505645326,High
PAGE_0977,1263,938,436,17475,36924,9.18,0.2374,0.403,0.255,304,0.697,0.38386940013741006,Medium
PAGE_0978,3285,188,428,48583,33173,46.26,0.1116,0.341,0.309,714,0.933,0.3188100013753936,Low
PAGE_0979,3353,988,744,31026,97724,41.25,0.0122,0.25,0.51,232,0.439,0.7184972698657897,High
PAGE_0980,1829,341,733,36707,93748,18.35,0.1162,0.732,0.364,244,0.701,0.3825111060770819,Medium
PAGE_0981,2645,1294,790,17742,26399,33.14,0.0211,0.314,0.788,720,0.857,0.7586733020177585,High
PAGE_0982,3345,474,528,24093,58961,27.33,0.1405,0.486,0.479,759,0.609,0.4757597083563076,Medium
PAGE_0983,1858,327,783,44486,30163,34.18,0.0913,0.428,0.74,294,0.774,0.5409199317925266,Medium
PAGE_0984,3406,981,494,46387,69553,34.45,0.1236,0.935,0.564,838,0.449,0.47691543081154997,Medium
PAGE_0985,2982,65,720,21288,68572,31.81,0.1572,0.432,0.718,382,0.445,0.49497368803495423,Medium
PAGE_0986,946,1137,760,32696,14606,14.04,0.2185,0.168,0.366,157,0.734,0.5286614314608246,Medium
PAGE_0987,2517,1438,111,27872,94441,2.91,0.1689,0.176,0.765,404,0.764,0.5364986712375769,Medium
PAGE_0988,1831,1225,633,30957,79954,23.32,0.1142,0.602,0.32,0,0.95,0.4153462276751936,Medium
PAGE_0989,748,1429,716,10876,26126,44.66,0.2067,0.609,0.537,216,0.38,0.6104857433472505,Medium
PAGE_0990,665,1415,780,32935,27772,28.91,0.2273,0.456,0.271,927,0.575,0.5650465982476677,Medium
PAGE_0991,3531,588,801,9888,38517,41.79,0.0387,0.467,0.48,506,0.4,0.6504844900427222,High
PAGE_0992,1858,920,394,5760,52513,49.59,0.1377,0.146,0.355,760,0.264,0.5783465695020249,Medium
PAGE_0993,1519,170,192,4578,65166,9.02,0.0783,0.539,0.313,903,0.523,0.3853233761894783,Medium
PAGE_0994,1041,916,77,8310,59313,34.9,0.0213,0.529,0.874,580,0.499,0.5697753777160162,Medium
PAGE_0995,1258,1171,540,11022,51071,34.04,0.1705,0.227,0.228,29,0.416,0.5926790614455171,Medium
PAGE_0996,3677,1330,358,36389,27381,49.02,0.2171,0.188,0.73,626,0.438,0.6708716408086655,High
PAGE_0997,2628,755,869,33440,28191,49.29,0.0491,0.205,0.887,519,0.488,0.7560182920362288,High
PAGE_0998,2680,1273,145,39950,50594,34.65,0.205,0.186,0.116,880,0.991,0.37532627989857653,Medium
PAGE_0999,1296,1079,878,38263,18710,12.94,0.2148,0.618,0.659,274,0.826,0.5779592454158226,Medium
PAGE_1000,3447,550,366,48275,1179,40.13,0.2294,0.267,0.302,491,0.257,0.41967972158355576,Medium
PAGE_1001,637,39,766,18742,95486,6.24,0.0737,0.314,0.132,826,0.898,0.4156265892432597,Medium
PAGE_1002,2731,1013,893,11194,46851,39.25,0.2269,0.248,0.422,950,0.707,0.5800509496594682,Medium
PAGE_1003,3972,407,869,22523,86226,45.6,0.087,0.914,0.848,925,0.912,0.5006502289096328,Medium
PAGE_1004,1853,711,176,33518,55532,19.76,0.1426,0.826,0.109,846,0.473,0.32188851433513777,Low
PAGE_1005,3332,613,604,5841,31051,31.9,0.0221,0.296,0.57,35,0.572,0.6349889316553449,Medium
PAGE_1006,2375,181,835,46149,80963,22.08,0.0205,0.378,0.501,310,0.917,0.4774072437033021,Medium
PAGE_1007,3531,749,352,6938,78391,22.45,0.1829,0.278,0.799,43,0.418,0.594802661243056,Medium
PAGE_1008,568,1102,472,3362,59972,16.21,0.1167,0.518,0.167,154,0.932,0.45392922276175907,Medium
PAGE_1009,3093,1207,866,5096,7335,38.34,0.0715,0.117,0.645,76,0.863,0.69821993788335,High
PAGE_1010,2600,888,42,44694,82833,46.87,0.0557,0.671,0.644,589,0.984,0.44150492058379703,Medium
PAGE_1011,1973,1346,523,22264,62812,47.1,0.1708,0.545,0.635,612,0.459,0.5909649104100009,Medium
PAGE_1012,704,79,730,35695,21573,9.56,0.0101,0.864,0.854,437,0.389,0.5607425116834434,Medium
PAGE_1013,2673,693,316,30357,67667,43.86,0.2034,0.24,0.758,431,0.465,0.4920911237416233,Medium
PAGE_1014,542,560,749,14311,79923,37.13,0.029,0.783,0.134,541,0.964,0.47579192102713774,Medium
PAGE_1015,2406,1113,143,30553,32330,13.39,0.056,0.773,0.477,38,0.466,0.481997248402741,Medium
PAGE_1016,2658,1220,509,5332,84673,4.3,0.1027,0.208,0.418,238,0.652,0.5811052988019538,Medium
PAGE_1017,1260,1255,51,2317,92688,14.13,0.1264,0.439,0.348,12,0.523,0.49068985573246215,Medium
PAGE_1018,3754,886,378,24329,68976,45.7,0.0952,0.245,0.461,121,0.517,0.5853519946059943,Medium
PAGE_1019,3395,175,755,14332,40744,32.03,0.087,0.317,0.407,143,0.355,0.5973593605212755,Medium
PAGE_1020,2642,944,712,25713,48764,36.33,0.2413,0.324,0.446,683,0.63,0.532116860150378,Medium
PAGE_1021,2494,1022,864,14126,45303,13.6,0.164,0.573,0.883,454,0.88,0.6287546615239612,Medium
PAGE_1022,3945,1492,595,28654,66777,36.25,0.0156,0.45,0.171,367,0.24,0.6861679597776067,High
PAGE_1023,2435,271,839,31008,25525,2.38,0.1132,0.906,0.838,758,0.911,0.4885817603762269,Medium
PAGE_1024,1399,610,349,19710,84917,19.39,0.22,0.207,0.484,246,0.732,0.43091456706690495,Medium
PAGE_1025,859,716,155,46746,86061,31.71,0.0823,0.928,0.599,922,0.693,0.39314491917939093,Medium
PAGE_1026,3447,512,306,39705,97749,8.16,0.0327,0.296,0.764,44,0.701,0.4849829238436558,Medium
PAGE_1027,2219,1161,233,7131,69906,41.33,0.192,0.757,0.388,764,0.437,0.4088325585714555,Medium
PAGE_1028,780,1279,223,47674,42914,12.52,0.1554,0.388,0.444,374,0.532,0.5040774386884931,Medium
PAGE_1029,3766,702,710,25615,70319,32.96,0.1469,0.222,0.428,290,0.839,0.5342356585948347,Medium
PAGE_1030,2387,660,693,36584,49746,20.85,0.0229,0.829,0.4,206,0.445,0.6191821132617339,Medium
PAGE_1031,3766,690,576,36282,39984,30.21,0.0437,0.363,0.84,923,0.576,0.6547073174905627,High
PAGE_1032,1166,691,725,670,95445,6.27,0.1594,0.66,0.763,994,0.216,0.5663540436213036,Medium
PAGE_1033,592,1485,315,32354,69422,1.83,0.0599,0.581,0.187,518,0.787,0.49050269440452643,Medium
PAGE_1034,1171,834,86,19388,21750,45.57,0.131,0.501,0.186,957,0.534,0.4160570221816309,Medium
PAGE_1035,2469,448,763,13388,94342,14.21,0.1408,0.521,0.442,241,0.62,0.4742322824653528,Medium
PAGE_1036,560,1017,332,29977,9290,41.16,0.078,0.722,0.179,621,0.292,0.5178889127034181,Medium
PAGE_1037,3181,1213,192,18989,38296,49.97,0.2376,0.175,0.595,113,0.993,0.42940666270707023,Medium
PAGE_1038,3622,679,48,1017,39549,11.36,0.2122,0.668,0.215,818,0.442,0.28463833181600723,Low
PAGE_1039,3974,998,399,10166,39761,13.99,0.1834,0.861,0.518,301,0.708,0.38877137163459585,Medium
PAGE_1040,1528,619,293,29604,29809,33.48,0.0287,0.149,0.106,275,0.665,0.38283170881647033,Medium
PAGE_1041,1989,1130,823,7082,80528,48.31,0.0355,0.22,0.353,95,0.828,0.6741980892815795,High
PAGE_1042,1103,538,142,39204,75279,45.87,0.1283,0.709,0.642,293,0.435,0.36944499599858677,Medium
PAGE_1043,1181,470,517,18162,10043,25.64,0.0486,0.472,0.487,700,0.805,0.4373445275626102,Medium
PAGE_1044,3081,1307,356,17099,43340,39.96,0.2448,0.443,0.883,359,0.506,0.5540310188343532,Medium
PAGE_1045,1928,950,571,10041,45860,7.65,0.048,0.216,0.799,287,0.529,0.7137418418942888,High
PAGE_1046,3385,799,676,23570,21142,48.89,0.127,0.531,0.387,153,0.738,0.44735131291277375,Medium
PAGE_1047,3192,1373,608,45248,43994,48.25,0.0974,0.208,0.136,569,0.827,0.6049896430071886,Medium
PAGE_1048,2780,292,94,21233,6969,9.02,0.1635,0.505,0.777,422,0.733,0.31547604452837125,Low
PAGE_1049,1023,1427,321,44535,61178,15.67,0.041,0.749,0.829,915,0.92,0.5804679316809878,Medium
PAGE_1050,2893,666,54,4629,56859,5.91,0.1133,0.32,0.757,849,0.428,0.5015384761170549,Medium
PAGE_1051,3617,1220,578,17619,44406,14.31,0.0759,0.509,0.202,49,0.92,0.5053218076576532,Medium
PAGE_1052,3093,488,30,12292,55471,40.98,0.2231,0.943,0.898,206,0.305,0.33626952137017824,Low
PAGE_1053,2468,1028,578,8666,21018,19.54,0.0197,0.684,0.307,563,0.728,0.5260551014067792,Medium
PAGE_1054,1601,1333,170,7326,28479,5.33,0.2293,0.815,0.679,853,0.638,0.419737228818936,Medium
PAGE_1055,2253,729,773,38030,90910,17.77,0.2099,0.453,0.826,882,0.596,0.5672289605682362,Medium
PAGE_1056,2336,331,677,49458,83332,49.09,0.0814,0.753,0.289,661,0.449,0.43107122165835676,Medium
PAGE_1057,3644,1271,217,21359,3062,31.85,0.1994,0.134,0.827,564,0.603,0.5208139311946842,Medium
PAGE_1058,3341,1155,157,34187,13951,21.39,0.0175,0.204,0.348,212,0.329,0.6308895143846034,Medium
PAGE_1059,2796,583,230,1241,45847,9.16,0.242,0.273,0.881,65,0.495,0.45671476486407936,Medium
PAGE_1060,2594,317,156,4727,52449,49.32,0.1364,0.442,0.325,231,0.279,0.41178842182281095,Medium
PAGE_1061,1644,1220,286,47369,70932,41.22,0.0828,0.819,0.863,884,0.657,0.5144801088329032,Medium
PAGE_1062,2761,650,705,2790,56456,14.79,0.097,0.394,0.143,810,0.277,0.5312001801994901,Medium
PAGE_1063,2786,1035,576,40191,14845,4.43,0.0259,0.656,0.667,849,0.328,0.6225548921639042,Medium
PAGE_1064,1579,65,223,3355,5830,3.77,0.2474,0.703,0.526,662,0.268,0.28760949488311544,Low
PAGE_1065,2897,773,732,5313,14021,6.9,0.0194,0.598,0.482,716,0.505,0.6179167219609707,Medium
PAGE_1066,606,382,133,36976,98530,29.46,0.1672,0.404,0.279,319,0.874,0.26400414287266594,Low
PAGE_1067,3378,102,564,19504,71238,46.51,0.1163,0.59,0.664,766,0.926,0.4382980708032854,Medium
PAGE_1068,547,677,294,25480,83211,25.34,0.2377,0.391,0.253,136,0.258,0.38431556621357926,Medium
PAGE_1069,836,1406,831,25620,19123,42.3,0.069,0.171,0.542,880,0.708,0.7376472173977089,High
PAGE_1070,1549,1123,413,19273,45449,22.85,0.1377,0.944,0.303,646,0.748,0.3740498184412047,Medium
PAGE_1071,3351,454,289,24089,81633,35.72,0.1258,0.208,0.864,936,0.627,0.48343195563082614,Medium
PAGE_1072,1780,1028,443,42670,83386,36.86,0.1787,0.161,0.123,565,0.734,0.4599009834006737,Medium
PAGE_1073,2555,737,387,24619,42079,9.52,0.0263,0.847,0.26,64,0.387,0.4474075848445681,Medium
PAGE_1074,1124,590,104,22539,22937,18.7,0.0565,0.357,0.294,513,0.592,0.4223102412195635,Medium
PAGE_1075,2390,857,384,11513,15097,32.23,0.0615,0.653,0.431,131,0.513,0.5156575274086721,Medium
PAGE_1076,1776,985,613,15095,88703,4.46,0.1872,0.38,0.286,333,0.272,0.5831367884264614,Medium
PAGE_1077,2215,546,800,23659,45139,18.72,0.0554,0.433,0.493,31,0.7,0.5389406894910256,Medium
PAGE_1078,3266,457,217,45451,21023,27.21,0.1476,0.323,0.798,867,0.596,0.4574808247230249,Medium
PAGE_1079,802,189,714,23613,8976,49.82,0.0617,0.392,0.67,897,0.42,0.5736882229019182,Medium
PAGE_1080,1138,178,319,5121,61073,24.25,0.2168,0.449,0.564,871,0.579,0.2894967844384446,Low
PAGE_1081,555,805,74,32564,2987,40.99,0.2361,0.712,0.171,497,0.82,0.19410416487994045,Low
PAGE_1082,1225,1283,602,21219,63823,22.17,0.1344,0.535,0.655,242,0.841,0.580302863021005,Medium
PAGE_1083,1025,96,112,29399,42522,40.02,0.0946,0.902,0.233,191,0.72,0.1819991844693494,Low
PAGE_1084,973,1043,152,39450,51513,30.18,0.0662,0.136,0.729,141,0.574,0.5837718300238013,Medium
PAGE_1085,527,410,387,46323,2941,44.44,0.0219,0.528,0.3,659,0.661,0.3805033917619078,Medium
PAGE_1086,2625,87,557,25617,28856,21.14,0.0744,0.597,0.434,600,0.508,0.43699920673995846,Medium
PAGE_1087,3787,1312,95,13217,71676,30.61,0.167,0.882,0.38,560,0.301,0.36378917710786257,Medium
PAGE_1088,3957,371,686,22350,10404,31.87,0.1381,0.142,0.787,647,0.508,0.5714637548299228,Medium
PAGE_1089,864,1183,404,19050,30441,21.45,0.2366,0.587,0.201,987,0.624,0.39091894945763683,Medium
PAGE_1090,3213,756,191,17459,4858,8.07,0.1051,0.826,0.553,190,0.679,0.39107521132028916,Medium
PAGE_1091,1025,1225,775,23696,17110,5.58,0.1765,0.306,0.214,941,0.949,0.5159290219582602,Medium
PAGE_1092,3246,799,409,25630,60858,1.82,0.1274,0.845,0.664,148,0.822,0.3834552058434539,Medium
PAGE_1093,1835,643,685,1362,31758,43.8,0.133,0.116,0.824,598,0.322,0.6295391058214911,Medium
PAGE_1094,1382,1262,387,40250,49102,12.59,0.0743,0.723,0.448,415,0.339,0.5191634085986864,Medium
PAGE_1095,1530,383,217,22715,1475,11.36,0.1192,0.893,0.49,519,0.28,0.38151345402159237,Medium
PAGE_1096,1526,145,351,3427,99585,37.07,0.123,0.659,0.842,734,0.791,0.38720392928120045,Medium
PAGE_1097,2146,1317,479,29868,22192,16.68,0.1796,0.473,0.517,868,0.765,0.5362166908879589,Medium
PAGE_1098,1418,691,503,28950,590,25.8,0.2358,0.138,0.49,15,0.989,0.4018768615200123,Medium
PAGE_1099,3297,1495,42,42888,3829,8.96,0.089,0.882,0.563,807,0.618,0.4126863650049351,Medium
PAGE_1100,2910,482,213,16948,6074,48.03,0.0201,0.5,0.651,105,0.861,0.4335600211721481,Medium
PAGE_1101,2274,316,140,46930,85316,42.73,0.1291,0.125,0.186,282,0.661,0.35611585421761116,Medium
PAGE_1102,2031,1356,537,39642,83960,43.33,0.1407,0.686,0.757,103,0.899,0.5065708635633217,Medium
PAGE_1103,3845,1046,319,15260,96970,20.93,0.0504,0.51,0.448,360,0.777,0.472170364672091,Medium
PAGE_1104,3353,340,324,34098,21498,38.36,0.1925,0.206,0.158,657,0.714,0.3510610259060608,Medium
PAGE_1105,3286,237,480,27330,34750,8.05,0.2464,0.282,0.729,34,0.652,0.41269531305297213,Medium
PAGE_1106,2406,647,244,9176,21392,1.42,0.237,0.155,0.402,112,0.778,0.4026249716004903,Medium
PAGE_1107,3586,475,661,3905,3259,1.98,0.0573,0.588,0.18,307,0.536,0.5359052464770825,Medium
PAGE_1108,1715,699,596,31185,98262,29.74,0.2201,0.629,0.607,910,0.277,0.45365018536340007,Medium
PAGE_1109,2154,662,56,14815,62866,23.31,0.1791,0.53,0.804,958,0.232,0.43698508144285586,Medium
PAGE_1110,984,84,659,5850,94987,26.38,0.1189,0.795,0.81,52,0.583,0.45481347845505526,Medium
PAGE_1111,2575,941,762,48495,17165,1.37,0.1397,0.832,0.866,858,0.679,0.5751372019768777,Medium
PAGE_1112,1213,1065,260,13332,21738,21.71,0.2139,0.623,0.794,80,0.263,0.5381142133042499,Medium
PAGE_1113,1562,686,594,36003,1173,36.19,0.1252,0.111,0.102,615,0.43,0.5543554155976532,Medium
PAGE_1114,2476,1453,836,7053,46611,22.69,0.0996,0.691,0.404,833,0.458,0.6921540146079603,High
PAGE_1115,1796,1009,350,32193,84407,36.88,0.1284,0.455,0.755,368,0.65,0.5346119173016312,Medium
PAGE_1116,1754,544,262,25600,29420,12.42,0.149,0.581,0.393,241,0.423,0.3808504431480303,Medium
PAGE_1117,2633,266,699,22518,69976,40.84,0.0554,0.652,0.581,30,0.277,0.6138586955816202,Medium
PAGE_1118,625,1332,466,34414,35024,29.83,0.2262,0.398,0.585,828,0.332,0.5782853109334233,Medium
PAGE_1119,3359,377,810,48325,81820,11.33,0.1718,0.88,0.392,703,0.339,0.4458812419665627,Medium
PAGE_1120,1036,656,562,22549,40834,12.6,0.162,0.214,0.824,868,0.874,0.4933889761003045,Medium
PAGE_1121,2692,1157,432,17578,68216,31.77,0.0339,0.671,0.503,360,0.427,0.5954607190997963,Medium
PAGE_1122,3783,659,82,35279,40125,41.67,0.155,0.104,0.472,232,0.772,0.4326235896799835,Medium
PAGE_1123,2572,1301,816,46981,94603,21.37,0.039,0.886,0.898,609,0.654,0.6700860381464179,High
PAGE_1124,2103,393,342,25438,2259,13.66,0.0289,0.196,0.495,33,0.982,0.4546086135480236,Medium
PAGE_1125,3965,350,310,26999,49040,43.48,0.1366,0.181,0.243,242,0.418,0.4376702488018591,Medium
PAGE_1126,566,315,755,4245,79536,33.79,0.1067,0.383,0.51,950,0.327,0.57992302086465,Medium
PAGE_1127,732,178,60,32201,77076,22.96,0.1513,0.418,0.751,58,0.242,0.40214161318365577,Medium
PAGE_1128,2656,1137,366,2875,14778,24.91,0.0314,0.282,0.721,770,0.393,0.6591850573780105,High
PAGE_1129,1669,435,212,46061,61175,11.01,0.1134,0.597,0.731,528,0.747,0.37979825052726235,Medium
PAGE_1130,2658,1007,52,31747,47304,31.71,0.0519,0.476,0.666,77,0.268,0.5197843304992245,Medium
PAGE_1131,2775,485,573,45719,12121,18.58,0.2469,0.129,0.303,717,0.396,0.437454658879785,Medium
PAGE_1132,610,829,475,45938,6872,49.79,0.1447,0.372,0.79,301,0.884,0.48545688613270527,Medium
PAGE_1133,1993,1214,103,19639,67263,24.53,0.175,0.789,0.815,677,0.666,0.3874902430222707,Medium
PAGE_1134,2581,1042,39,36838,73855,24.81,0.0881,0.686,0.255,802,0.256,0.47147834009274264,Medium
PAGE_1135,1122,813,513,26716,23564,28.73,0.0327,0.716,0.204,896,0.238,0.5510670321486447,Medium
PAGE_1136,3940,489,485,14219,51237,45.92,0.2442,0.693,0.88,111,0.249,0.4714245912775537,Medium
PAGE_1137,3295,767,595,25259,30332,40.24,0.0787,0.364,0.795,412,0.954,0.5979553284333059,Medium
PAGE_1138,3142,538,593,37199,61597,23.11,0.1117,0.185,0.815,899,0.88,0.5705265325902734,Medium
PAGE_1139,2972,510,689,10395,74124,36.22,0.166,0.332,0.809,316,0.876,0.48797264141348884,Medium
PAGE_1140,3160,143,189,34810,51548,29.73,0.0159,0.807,0.533,864,0.939,0.3547783985061678,Medium
PAGE_1141,2041,778,43,24785,84617,25.13,0.2045,0.933,0.617,144,0.604,0.3317567344132855,Low
PAGE_1142,3239,390,207,49443,1001,10.42,0.1388,0.52,0.536,667,0.398,0.3738823500926927,Medium
PAGE_1143,1805,370,441,25579,88080,23.73,0.0768,0.108,0.141,689,0.521,0.505136765391368,Medium
PAGE_1144,3891,799,82,46272,83697,13.05,0.0248,0.219,0.696,857,0.775,0.5011580683925788,Medium
PAGE_1145,2261,790,437,33729,2981,45.83,0.049,0.374,0.504,647,0.901,0.5373088916127488,Medium
PAGE_1146,2475,998,876,42143,29963,17.43,0.2248,0.592,0.618,929,0.548,0.5544149303212647,Medium
PAGE_1147,2862,478,51,17133,5722,47.66,0.1746,0.164,0.502,826,0.628,0.3608066849852029,Medium
PAGE_1148,1376,864,59,37002,1478,27.12,0.07,0.902,0.493,17,0.945,0.320302887460427,Low
PAGE_1149,2489,1233,732,44671,83268,31.95,0.0257,0.41,0.237,350,0.286,0.6636316204821956,High
PAGE_1150,3948,1460,289,15508,93947,27.6,0.1757,0.876,0.323,954,0.89,0.3426082005488021,Low
PAGE_1151,1812,1249,234,17520,71286,7.34,0.1474,0.763,0.227,154,0.327,0.375673409537905,Medium
PAGE_1152,1960,340,88,16451,45301,19.42,0.1071,0.742,0.257,783,0.587,0.25818869888891116,Low
PAGE_1153,3209,291,500,4231,59351,5.86,0.0973,0.616,0.878,505,0.375,0.6034998095177305,Medium
PAGE_1154,2824,1472,805,44925,72672,31.52,0.062,0.633,0.222,777,0.682,0.6383533822173815,Medium
PAGE_1155,2233,435,495,11449,39355,22.9,0.1707,0.642,0.315,359,0.647,0.42540667826377226,Medium
PAGE_1156,2105,172,41,44354,63312,39.12,0.243,0.634,0.572,331,0.504,0.24179842671185262,Low
PAGE_1157,2026,371,660,38325,50310,11.8,0.0522,0.571,0.588,917,0.891,0.4696636878090394,Medium
PAGE_1158,3171,1369,319,38947,22599,9.06,0.1533,0.938,0.223,527,0.728,0.4464884419478479,Medium
PAGE_1159,3063,1154,879,12553,51728,20.91,0.1118,0.722,0.735,11,0.777,0.628792872850525,Medium
PAGE_1160,3921,273,789,18914,61460,46.4,0.1172,0.76,0.728,74,0.321,0.5098050683725489,Medium
PAGE_1161,3390,519,383,18363,4703,35.81,0.071,0.842,0.29,211,0.907,0.3618486356460722,Medium
PAGE_1162,2897,41,668,12258,93409,21.53,0.208,0.283,0.331,690,0.334,0.4737376496695056,Medium
PAGE_1163,2130,1292,104,15835,85573,26.35,0.1265,0.171,0.85,640,0.378,0.5717916047830198,Medium
PAGE_1164,3370,590,745,15930,12732,5.13,0.1404,0.51,0.761,282,0.302,0.6162719721765428,Medium
PAGE_1165,1660,71,590,47993,30707,49.24,0.0831,0.537,0.658,194,0.552,0.4352160344805087,Medium
PAGE_1166,1258,707,620,44773,91973,33.65,0.0536,0.805,0.166,779,0.91,0.45343710417371297,Medium
PAGE_1167,3446,623,470,24026,65856,14.98,0.0306,0.477,0.435,29,0.402,0.5594720640687572,Medium
PAGE_1168,742,1482,270,45166,47094,29.7,0.1814,0.585,0.547,8,0.499,0.5370998347662862,Medium
PAGE_1169,3090,1211,890,34879,63482,6.36,0.0571,0.548,0.25,308,0.877,0.5922111263830452,Medium
PAGE_1170,1563,1269,183,3473,70454,48.33,0.1756,0.132,0.459,444,0.694,0.446008593789967,Medium
PAGE_1171,728,163,815,10435,56444,9.56,0.1037,0.623,0.581,309,0.801,0.45093147963759384,Medium
PAGE_1172,3095,1120,125,23841,53875,32.75,0.1098,0.804,0.362,676,0.371,0.46717629683028433,Medium
PAGE_1173,1419,1060,755,10792,7449,13.03,0.1226,0.234,0.725,704,0.773,0.7030599745866667,High
PAGE_1174,1746,977,323,47395,71254,36.16,0.0983,0.605,0.772,425,0.382,0.5692831471411048,Medium
PAGE_1175,505,102,238,45641,27564,39.06,0.0341,0.605,0.359,816,0.99,0.2900383115545233,Low
PAGE_1176,3893,428,372,34157,42724,34.0,0.0843,0.24,0.771,771,0.648,0.5376744166813563,Medium
PAGE_1177,967,1458,117,1547,37444,31.11,0.1693,0.205,0.183,703,0.757,0.4771668420285751,Medium
PAGE_1178,2255,607,847,19683,83891,44.73,0.1698,0.933,0.77,590,0.295,0.5525581676978076,Medium
PAGE_1179,574,888,805,22865,24399,4.85,0.0787,0.435,0.222,690,0.401,0.6101053151088525,Medium
PAGE_1180,503,159,419,24006,48075,17.21,0.1204,0.293,0.166,90,0.312,0.4326293588607208,Medium
PAGE_1181,2370,960,354,19667,1562,13.17,0.0564,0.246,0.613,455,0.512,0.6023831779896265,Medium
PAGE_1182,1145,1259,861,14239,81541,49.41,0.0605,0.667,0.478,443,0.427,0.6894334288951195,High
PAGE_1183,617,295,186,46625,90556,20.08,0.0155,0.618,0.826,726,0.786,0.4894935642288838,Medium
PAGE_1184,3428,822,697,38330,81888,36.9,0.2252,0.647,0.391,78,0.287,0.43691979692073774,Medium
PAGE_1185,2129,282,680,19620,40681,34.55,0.0606,0.175,0.33,474,0.802,0.4981474402785446,Medium
PAGE_1186,3051,851,662,19802,71389,11.39,0.0646,0.86,0.501,926,0.237,0.5544471539730481,Medium
PAGE_1187,2521,1342,606,25666,14275,12.71,0.0771,0.431,0.465,102,0.362,0.7035640918169869,High
PAGE_1188,1446,193,648,7757,6291,14.78,0.0406,0.366,0.376,622,0.834,0.4675468682437019,Medium
PAGE_1189,3121,124,688,37788,83534,21.15,0.1634,0.493,0.655,455,0.794,0.44337336548824163,Medium
PAGE_1190,1964,862,166,30234,84618,12.48,0.028,0.432,0.708,989,0.581,0.5820914255569982,Medium
PAGE_1191,693,1163,703,10445,80258,1.96,0.0422,0.834,0.782,313,0.24,0.659738600720499,High
PAGE_1192,1346,365,457,41285,66637,44.09,0.1647,0.89,0.878,246,0.688,0.3805766930857278,Medium
PAGE_1193,3262,851,481,27513,47745,48.31,0.0915,0.358,0.313,233,0.525,0.5696780266519134,Medium
PAGE_1194,1915,267,641,5308,23383,17.74,0.1799,0.834,0.673,593,0.453,0.39437256100423124,Medium
PAGE_1195,3597,410,879,33555,87071,17.59,0.1438,0.764,0.415,643,0.712,0.439756589485529,Medium
PAGE_1196,1958,1489,848,49781,92859,1.35,0.0714,0.891,0.642,234,0.549,0.6264271127885055,Medium
PAGE_1197,2720,928,170,28118,59223,34.33,0.1662,0.309,0.481,789,0.274,0.5373920116133178,Medium
PAGE_1198,3871,512,112,46091,30124,41.45,0.0379,0.59,0.895,386,0.933,0.4087781586481324,Medium
PAGE_1199,2168,931,206,8180,49730,8.18,0.1387,0.333,0.683,846,0.823,0.4762759251225246,Medium
PAGE_1200,2873,1078,227,22002,30834,8.82,0.1149,0.8,0.862,610,0.245,0.5680671875050965,Medium
PAGE_1201,1933,1170,653,9586,615,39.71,0.0743,0.105,0.768,942,0.62,0.6888840049986281,High
PAGE_1202,1641,511,597,38962,66827,31.2,0.155,0.58,0.822,37,0.267,0.49692999754909456,Medium
PAGE_1203,3383,1445,720,21258,97900,3.2,0.2191,0.388,0.752,160,0.87,0.5887227437463237,Medium
PAGE_1204,2310,946,450,40560,46316,31.5,0.2497,0.374,0.467,461,0.69,0.42968850043596146,Medium
PAGE_1205,1223,1023,430,43956,71933,16.14,0.1559,0.648,0.301,943,0.338,0.48385045119763426,Medium
PAGE_1206,724,993,727,35971,58855,19.07,0.1071,0.824,0.396,448,0.217,0.5812960657867247,Medium
PAGE_1207,1031,566,500,35308,27956,38.72,0.064,0.618,0.116,116,0.225,0.4741645925077824,Medium
PAGE_1208,612,1132,247,20619,73970,40.74,0.0717,0.825,0.519,240,0.606,0.4598761031668026,Medium
PAGE_1209,2687,1226,857,31479,24262,20.62,0.1251,0.325,0.504,25,0.787,0.6465822169755547,Medium
PAGE_1210,1058,1065,758,28478,6108,47.41,0.0981,0.542,0.52,647,0.297,0.6290187227435541,Medium
PAGE_1211,2548,157,661,39992,8087,20.92,0.2293,0.483,0.879,561,0.377,0.4802325187795127,Medium
PAGE_1212,2637,121,204,14131,62632,38.82,0.0984,0.11,0.829,975,0.462,0.4740879047243825,Medium
PAGE_1213,1153,572,52,14636,96602,24.71,0.0996,0.573,0.229,805,0.374,0.3792303795315196,Medium
PAGE_1214,819,875,754,546,3432,44.98,0.102,0.662,0.395,905,0.513,0.5892795106317704,Medium
PAGE_1215,2073,1018,264,36783,66423,45.48,0.2108,0.603,0.439,297,0.648,0.4306013331935706,Medium
PAGE_1216,2328,476,42,48655,39090,5.28,0.1662,0.726,0.388,804,0.748,0.29885872617613024,Low
PAGE_1217,2417,419,130,17718,9973,46.89,0.1574,0.586,0.739,153,0.971,0.307592772295292,Low
PAGE_1218,638,701,565,6687,82642,41.45,0.0902,0.157,0.519,731,0.945,0.5199508124672874,Medium
PAGE_1219,3392,72,552,31580,85861,39.77,0.2063,0.199,0.558,651,0.656,0.3758680972629211,Medium
PAGE_1220,2526,283,814,33094,36544,10.84,0.0192,0.607,0.782,467,0.787,0.5550257513872544,Medium
PAGE_1221,2806,1183,481,20627,35440,40.45,0.219,0.334,0.745,48,0.961,0.49151708750378637,Medium
PAGE_1222,1401,1113,460,23669,5133,42.66,0.1331,0.168,0.206,653,0.267,0.5678977931536389,Medium
PAGE_1223,1189,692,822,11251,73424,15.17,0.1056,0.465,0.671,45,0.205,0.6430695390306514,Medium
PAGE_1224,2539,496,635,5658,15789,47.66,0.1293,0.571,0.448,674,0.224,0.4766834987390794,Medium
PAGE_1225,509,316,742,44839,87234,3.44,0.1702,0.379,0.336,284,0.651,0.4105448443505503,Medium
PAGE_1226,760,1040,562,33054,95339,8.35,0.0131,0.712,0.14,779,0.81,0.499731863182918,Medium
PAGE_1227,2442,807,881,47548,166,27.34,0.2192,0.647,0.49,627,0.494,0.5266699769661697,Medium
PAGE_1228,2173,374,752,47427,45346,29.21,0.1172,0.383,0.384,81,0.636,0.5158994538626518,Medium
PAGE_1229,2719,671,681,43937,7633,32.61,0.0923,0.742,0.301,43,0.613,0.46955316589347035,Medium
PAGE_1230,3445,411,322,35403,80739,1.83,0.0432,0.651,0.656,705,0.276,0.5101351826905304,Medium
PAGE_1231,2560,719,839,34800,70252,48.06,0.1155,0.642,0.716,769,0.457,0.643076397583055,Medium
PAGE_1232,1691,1306,130,27600,59758,3.18,0.1291,0.57,0.296,954,0.216,0.5004751975083273,Medium
PAGE_1233,2119,1109,531,2132,38598,8.01,0.1069,0.11,0.14,272,0.289,0.5939145922524436,Medium
PAGE_1234,820,486,333,1352,11872,1.69,0.1729,0.692,0.779,393,0.849,0.3350315628782666,Low
PAGE_1235,1842,1012,569,5609,89485,28.78,0.111,0.42,0.108,785,0.864,0.49230217368633067,Medium
PAGE_1236,2136,112,582,37942,49136,46.68,0.2407,0.901,0.85,789,0.842,0.2647963945651261,Low
PAGE_1237,2876,1152,384,14000,58631,33.63,0.1538,0.795,0.602,594,0.781,0.4254007747426903,Medium
PAGE_1238,3332,178,332,14623,13040,41.31,0.2038,0.6,0.357,57,0.835,0.27608849109920536,Low
PAGE_1239,3324,1382,525,1981,17032,1.65,0.0362,0.314,0.297,564,0.737,0.5589167380278092,Medium
PAGE_1240,2494,1209,687,33137,95405,27.56,0.1053,0.273,0.107,0,0.736,0.5469560230302454,Medium
PAGE_1241,3458,219,797,1730,56927,23.52,0.0908,0.389,0.288,215,0.734,0.48045613629998307,Medium
PAGE_1242,2443,912,256,20889,61531,25.45,0.1467,0.505,0.21,316,0.611,0.3930687592628713,Medium
PAGE_1243,2538,292,265,22623,24748,4.54,0.2167,0.352,0.59,227,0.491,0.350371554396375,Medium
PAGE_1244,3990,1133,484,18058,33066,34.54,0.0288,0.538,0.233,472,0.784,0.5101888924758049,Medium
PAGE_1245,1618,429,42,46251,27877,25.66,0.0274,0.241,0.523,483,0.439,0.5010528631329542,Medium
PAGE_1246,2104,793,239,49020,32667,38.49,0.2141,0.931,0.572,765,0.634,0.3863757661678217,Medium
PAGE_1247,2865,638,770,43952,17274,24.78,0.0611,0.192,0.338,670,0.547,0.6135524382255858,Medium
PAGE_1248,735,1313,426,1795,42698,8.32,0.1705,0.892,0.128,286,0.421,0.3800347839378573,Medium
PAGE_1249,2469,814,129,14921,59299,32.76,0.1403,0.877,0.13,510,0.98,0.2610130683133178,Low
PAGE_1250,833,130,60,3362,13898,9.45,0.2099,0.547,0.121,577,0.407,0.21788516122999668,Low
PAGE_1251,2408,1412,557,1545,65464,43.75,0.04,0.716,0.691,914,0.447,0.6343817588772909,Medium
PAGE_1252,875,1433,678,16536,17658,31.04,0.0411,0.471,0.354,820,0.329,0.6761651417905784,High
PAGE_1253,1660,849,358,10049,61184,8.7,0.1436,0.636,0.737,971,0.858,0.42031186012089905,Medium
PAGE_1254,3135,1274,195,24063,44337,48.15,0.2371,0.389,0.445,457,0.669,0.3866645719166646,Medium
PAGE_1255,2070,849,488,30032,65597,26.4,0.1096,0.356,0.462,94,0.69,0.5163923811312534,Medium
PAGE_1256,3060,449,851,7001,278,4.57,0.0885,0.591,0.51,492,0.856,0.5601721817570726,Medium
PAGE_1257,1819,153,129,33587,86106,31.71,0.1556,0.523,0.67,764,0.474,0.3236809339365816,Low
PAGE_1258,3891,451,650,8697,17218,13.41,0.2333,0.593,0.319,149,0.355,0.4741681885325029,Medium
PAGE_1259,3465,1284,884,6955,22716,40.38,0.2109,0.344,0.197,22,0.359,0.6214479447687287,Medium
PAGE_1260,2355,1116,202,18778,898,41.07,0.2489,0.412,0.545,755,0.786,0.3936119702352064,Medium
PAGE_1261,1872,797,778,8363,7701,48.97,0.0154,0.171,0.362,214,0.691,0.6352567581035713,Medium
PAGE_1262,1372,512,191,47388,25463,25.59,0.0371,0.144,0.454,398,0.365,0.5060167860871495,Medium
PAGE_1263,1752,548,757,25905,2895,23.29,0.1563,0.315,0.618,409,0.316,0.6043144669439244,Medium
PAGE_1264,2817,184,805,26243,97562,37.92,0.2069,0.163,0.495,130,0.297,0.5501915936380964,Medium
PAGE_1265,2351,121,292,11974,45364,7.49,0.0785,0.188,0.596,854,0.702,0.3670679347929655,Medium
PAGE_1266,3345,1011,833,27629,72933,27.8,0.0674,0.791,0.535,147,0.2,0.7373622612861405,High
PAGE_1267,1814,484,303,20966,3184,27.77,0.1989,0.133,0.692,380,0.215,0.4597970756941831,Medium
PAGE_1268,1224,627,32,14179,95965,5.38,0.0235,0.66,0.665,108,0.512,0.4348912470299675,Medium
PAGE_1269,3736,539,57,49950,76746,21.48,0.0987,0.332,0.527,551,0.753,0.3148646975535404,Low
PAGE_1270,2552,1236,355,7343,831,42.81,0.1314,0.841,0.643,120,0.756,0.46371161143792217,Medium
PAGE_1271,3398,415,178,29972,1229,42.95,0.1445,0.512,0.799,294,0.544,0.40579497261316355,Medium
PAGE_1272,3950,434,569,9118,28122,5.86,0.1849,0.36,0.446,119,0.753,0.40797031007713064,Medium
PAGE_1273,577,275,517,49600,1705,5.45,0.0952,0.54,0.43,455,0.617,0.4445155657123681,Medium
PAGE_1274,3981,771,851,12200,77606,13.87,0.157,0.425,0.711,529,0.982,0.5359967594302992,Medium
PAGE_1275,3121,690,467,49559,44230,43.86,0.1505,0.58,0.566,168,0.33,0.5200303417626658,Medium
PAGE_1276,631,679,94,19900,29365,7.32,0.1414,0.197,0.157,709,0.681,0.33131229983579696,Low
PAGE_1277,1100,1476,385,27010,32430,36.28,0.1637,0.947,0.814,922,0.593,0.5275570538605772,Medium
PAGE_1278,2272,930,562,29537,68569,5.96,0.0723,0.462,0.125,995,0.356,0.5326084603842195,Medium
PAGE_1279,1565,94,281,37688,15287,31.53,0.0303,0.396,0.699,142,0.8,0.4211375943817809,Medium
PAGE_1280,2636,1066,264,11101,25891,18.45,0.0386,0.704,0.707,36,0.42,0.5732004594754155,Medium
PAGE_1281,2949,242,256,46775,90536,39.66,0.0639,0.409,0.862,697,0.505,0.47788638361322877,Medium
PAGE_1282,2843,271,554,20042,70710,12.45,0.13,0.808,0.143,260,0.5,0.35333947242212904,Medium
PAGE_1283,2363,522,342,20962,92062,32.32,0.2117,0.486,0.577,230,0.395,0.3883526376806985,Medium
PAGE_1284,1818,1266,78,11769,39967,12.55,0.1783,0.712,0.442,253,0.545,0.4397687002437107,Medium
PAGE_1285,1115,367,147,16016,993,35.97,0.1994,0.191,0.365,328,0.579,0.3730633209898386,Medium
PAGE_1286,3347,202,83,10978,99794,43.81,0.0942,0.819,0.172,902,0.795,0.22555728448222023,Low
PAGE_1287,2969,701,679,3085,19873,7.21,0.1071,0.725,0.55,296,0.812,0.47476575499077134,Medium
PAGE_1288,2388,193,594,32469,4339,43.46,0.1045,0.28,0.483,979,0.327,0.5233021851879472,Medium
PAGE_1289,1546,494,73,8212,20963,30.09,0.056,0.223,0.184,9,0.674,0.4237595900643174,Medium
PAGE_1290,1074,1024,844,41335,51515,7.23,0.0247,0.369,0.59,445,0.917,0.6745970559480242,High
PAGE_1291,2690,526,82,19031,69068,21.95,0.1518,0.93,0.69,921,0.287,0.40095088545313873,Medium
PAGE_1292,1492,729,615,27440,60530,8.88,0.2474,0.318,0.714,835,0.578,0.4978699344792024,Medium
PAGE_1293,3212,424,587,436,1615,35.32,0.05,0.488,0.824,229,0.8,0.5518797561615164,Medium
PAGE_1294,2692,732,554,43033,97306,38.18,0.0212,0.126,0.428,535,0.689,0.6356013305757715,Medium
PAGE_1295,1748,337,706,19463,14705,6.18,0.1971,0.438,0.862,77,0.28,0.5273778481234154,Medium
PAGE_1296,3554,212,131,45636,56340,25.8,0.0706,0.586,0.792,424,0.517,0.3886964919535807,Medium
PAGE_1297,1002,658,821,4068,5686,40.92,0.2091,0.91,0.337,192,0.606,0.4261239126196893,Medium
PAGE_1298,2497,539,799,33778,31286,46.87,0.1789,0.539,0.227,400,0.997,0.35868396542381176,Medium
PAGE_1299,1320,575,878,48500,27028,26.16,0.237,0.796,0.448,108,0.343,0.42145302778674715,Medium
PAGE_1300,2651,653,897,16379,98364,47.56,0.1081,0.565,0.422,791,0.986,0.5374293719002565,Medium
PAGE_1301,3610,623,427,3229,83187,27.25,0.1689,0.135,0.561,922,0.501,0.5558325113255259,Medium
PAGE_1302,2470,773,167,38315,87129,20.32,0.1216,0.368,0.567,262,0.36,0.4576671911513824,Medium
PAGE_1303,697,1280,704,38997,20811,42.56,0.1613,0.589,0.7,328,0.531,0.574371508278703,Medium
PAGE_1304,2169,1489,416,5950,55062,25.16,0.1179,0.908,0.508,362,0.691,0.48699208672868055,Medium
PAGE_1305,3126,1475,140,20688,20139,24.12,0.0553,0.83,0.184,866,0.371,0.5296320283413647,Medium
PAGE_1306,2938,583,643,40314,36661,25.03,0.1319,0.294,0.787,377,0.433,0.5881600686448779,Medium
PAGE_1307,1702,50,46,12049,75583,42.49,0.1369,0.287,0.348,779,0.884,0.2641397394203332,Low
PAGE_1308,3101,583,809,8619,97971,41.77,0.2045,0.271,0.877,340,0.999,0.5356087633419521,Medium
PAGE_1309,1971,426,211,26475,81495,20.77,0.1865,0.884,0.194,258,0.455,0.27525432295964747,Low
PAGE_1310,3586,654,565,33182,88758,17.33,0.1693,0.825,0.867,334,0.319,0.5644476898756581,Medium
PAGE_1311,2146,134,570,11837,1677,25.1,0.0372,0.759,0.173,84,0.835,0.3374666024716511,Low
PAGE_1312,2192,221,200,1234,28450,29.07,0.1829,0.434,0.285,521,0.68,0.28675490798256864,Low
PAGE_1313,1812,46,438,11038,33898,12.68,0.1301,0.529,0.137,800,0.28,0.3815794376545878,Medium
PAGE_1314,2535,1173,769,24586,97534,39.9,0.2246,0.495,0.664,813,0.957,0.5228590178539181,Medium
PAGE_1315,977,422,407,48456,81517,24.84,0.2308,0.315,0.78,570,0.262,0.4521080748857798,Medium
PAGE_1316,1754,454,217,26196,10885,17.37,0.0232,0.529,0.447,307,0.7,0.3833594900497546,Medium
PAGE_1317,1422,158,887,41215,72327,6.23,0.207,0.126,0.843,261,0.539,0.5258734594526233,Medium
PAGE_1318,919,1183,259,5692,62057,12.7,0.019,0.212,0.572,897,0.645,0.6329265313841628,Medium
PAGE_1319,2704,601,862,18208,65531,47.51,0.0981,0.854,0.604,796,0.371,0.5450667991682083,Medium
PAGE_1320,3097,58,881,17370,17397,15.95,0.1402,0.739,0.776,630,0.75,0.47651935822935026,Medium
PAGE_1321,1620,1150,148,27749,71994,9.27,0.0455,0.459,0.337,679,0.968,0.44802451335676846,Medium
PAGE_1322,3568,1063,185,11097,63872,23.57,0.1891,0.54,0.383,864,0.567,0.38153873037879515,Medium
PAGE_1323,3544,271,813,33589,19681,16.05,0.012,0.414,0.825,700,0.618,0.6000530279246128,Medium
PAGE_1324,3982,261,716,9204,55292,2.72,0.0505,0.73,0.821,451,0.392,0.572481505923534,Medium
PAGE_1325,1450,818,494,970,1562,16.83,0.1494,0.767,0.881,250,0.913,0.4616849857313133,Medium
PAGE_1326,2836,1337,133,28784,64273,27.66,0.1815,0.749,0.821,323,0.977,0.4279331893105344,Medium
PAGE_1327,1777,744,633,39619,15611,28.03,0.23,0.714,0.202,924,0.829,0.336991529933309,Low
PAGE_1328,2743,788,727,49749,76206,18.47,0.1793,0.274,0.759,228,0.634,0.5612909888519912,Medium
PAGE_1329,3145,831,824,34624,48765,22.92,0.1712,0.387,0.428,701,0.965,0.5058872268609697,Medium
PAGE_1330,2357,805,531,31057,44514,48.31,0.1046,0.499,0.893,827,0.323,0.6658209070667317,High
PAGE_1331,1016,755,722,33985,81110,19.49,0.0103,0.381,0.478,635,0.583,0.5757307391041225,Medium
PAGE_1332,2158,229,711,44469,72673,13.65,0.0388,0.742,0.543,595,0.63,0.46693175317412094,Medium
PAGE_1333,2365,974,728,35696,93765,12.93,0.1383,0.38,0.524,296,0.594,0.608877648712947,Medium
PAGE_1334,3412,108,204,29966,13486,23.43,0.172,0.217,0.357,726,0.842,0.3077279023679506,Low
PAGE_1335,1641,985,763,30776,54560,38.22,0.1102,0.439,0.16,236,0.736,0.5506694677035942,Medium
PAGE_1336,3353,885,774,47864,6321,11.09,0.1854,0.933,0.817,977,0.301,0.5533203492611065,Medium
PAGE_1337,2432,1226,703,13978,23574,35.76,0.1352,0.292,0.742,624,0.477,0.6361614083696279,Medium
PAGE_1338,3730,496,450,39860,21145,2.04,0.0278,0.62,0.212,216,0.471,0.5177481148693331,Medium
PAGE_1339,1314,610,163,27659,91419,21.53,0.0561,0.468,0.721,832,0.653,0.5064106322528825,Medium
PAGE_1340,2775,1469,420,46646,5022,39.02,0.2116,0.16,0.601,245,0.433,0.6127146552773661,Medium
PAGE_1341,2400,969,765,6871,22806,17.6,0.184,0.515,0.427,447,0.294,0.5562501814908711,Medium
PAGE_1342,2763,478,530,16626,42871,28.62,0.2247,0.697,0.303,846,0.723,0.31442408387187093,Low
PAGE_1343,3495,116,694,29996,52435,11.04,0.0382,0.536,0.788,318,0.881,0.5092913942431816,Medium
PAGE_1344,2562,130,62,32023,98115,37.36,0.2477,0.841,0.66,993,0.945,0.1560421431105324,Low
PAGE_1345,3728,1061,84,36303,53049,3.56,0.0603,0.346,0.538,431,0.978,0.45561835839788184,Medium
PAGE_1346,3832,874,548,39490,70814,42.77,0.0128,0.173,0.588,403,0.825,0.6674352272363872,High
PAGE_1347,3728,1253,785,12952,95658,10.71,0.2494,0.896,0.173,885,0.312,0.5143313675100968,Medium
PAGE_1348,2594,116,854,47674,15340,43.85,0.0775,0.421,0.479,36,0.882,0.45002109038444527,Medium
PAGE_1349,2871,72,667,43491,91856,18.27,0.1703,0.59,0.255,575,0.52,0.37969979229048306,Medium
PAGE_1350,3391,1438,41,1948,2816,36.41,0.0524,0.773,0.267,730,0.784,0.410293539149331,Medium
PAGE_1351,629,1488,557,31127,16674,16.64,0.1493,0.376,0.629,341,0.625,0.6357360715502245,Medium
PAGE_1352,3982,437,749,35564,83355,45.39,0.227,0.709,0.829,388,0.863,0.4251611689158459,Medium
PAGE_1353,594,693,584,34585,73817,7.21,0.0868,0.215,0.423,33,0.54,0.65932874114078,High
PAGE_1354,3174,1070,402,19556,44166,9.75,0.1709,0.348,0.266,38,0.249,0.5426878497260784,Medium
PAGE_1355,3302,177,513,9359,61926,25.16,0.0551,0.223,0.619,578,0.645,0.513164479814996,Medium
PAGE_1356,2455,306,676,35654,20313,5.01,0.16,0.79,0.797,208,0.337,0.5508124039422269,Medium
PAGE_1357,3863,261,257,47022,72016,10.6,0.0907,0.289,0.699,829,0.972,0.40935759487668855,Medium
PAGE_1358,1293,395,652,13509,66251,47.24,0.0607,0.71,0.795,855,0.622,0.48502382667314525,Medium
PAGE_1359,2334,1281,336,3891,51006,48.85,0.0852,0.902,0.529,151,0.643,0.48821325727860615,Medium
PAGE_1360,3854,465,486,25964,563,19.44,0.0529,0.549,0.702,898,0.926,0.49072109742116155,Medium
PAGE_1361,2616,428,189,36739,32073,46.24,0.2265,0.559,0.212,364,0.7,0.27065255115361575,Low
PAGE_1362,2183,1264,360,34674,74794,27.7,0.1053,0.492,0.379,198,0.442,0.5822585744643831,Medium
PAGE_1363,510,1444,805,17988,20751,14.22,0.0689,0.377,0.412,600,0.437,0.7243937162835568,High
PAGE_1364,3825,528,254,19792,68794,35.42,0.1176,0.504,0.509,759,0.601,0.4193777735913844,Medium
PAGE_1365,2365,569,758,23601,20108,33.29,0.0869,0.612,0.843,834,0.893,0.5007968520604054,Medium
PAGE_1366,3419,592,533,13404,70574,49.47,0.1887,0.938,0.799,78,0.836,0.43376044551364273,Medium
PAGE_1367,3097,471,485,27627,38285,13.99,0.2431,0.897,0.208,476,0.97,0.21669967037180982,Low
PAGE_1368,3705,1314,74,18174,88024,33.93,0.1151,0.833,0.238,433,0.258,0.4152484000357748,Medium
PAGE_1369,1211,802,243,15649,74517,3.55,0.2166,0.856,0.386,796,0.415,0.4270605699792886,Medium
PAGE_1370,2570,379,88,30063,71239,6.57,0.1458,0.498,0.333,841,0.264,0.4186614595361715,Medium
PAGE_1371,1314,1405,673,26020,35080,1.19,0.0477,0.659,0.592,31,0.801,0.6146364212211685,Medium
PAGE_1372,845,549,645,30926,22604,49.97,0.1757,0.861,0.822,86,0.313,0.4518931930056705,Medium
PAGE_1373,2849,1373,224,36171,55070,40.31,0.1332,0.434,0.87,550,0.28,0.6047703018062086,Medium
PAGE_1374,862,167,518,16161,16866,39.55,0.1661,0.917,0.623,392,0.649,0.3936418456655748,Medium
PAGE_1375,2943,1021,186,28910,94022,25.98,0.2235,0.453,0.771,612,0.529,0.46701806577782745,Medium
PAGE_1376,2765,397,639,48066,11795,15.7,0.1157,0.611,0.52,243,0.772,0.40558024293425365,Medium
PAGE_1377,2688,1273,255,22900,17896,8.41,0.2263,0.703,0.267,231,0.59,0.41023944626682496,Medium
PAGE_1378,3505,1390,441,43523,42643,14.95,0.1902,0.908,0.52,909,0.54,0.47371759247494194,Medium
PAGE_1379,3781,1276,234,41792,14659,19.42,0.1273,0.308,0.544,579,0.54,0.5306922742995684,Medium
PAGE_1380,1484,389,108,10040,33239,38.06,0.1548,0.734,0.694,191,0.898,0.27510145227867405,Low
PAGE_1381,3540,950,153,4024,8902,27.44,0.0881,0.543,0.276,915,0.516,0.47954844191077306,Medium
PAGE_1382,2139,358,500,28154,73943,4.8,0.2461,0.328,0.395,539,0.467,0.41758353489506683,Medium
PAGE_1383,1327,991,247,9883,40305,1.88,0.1702,0.76,0.391,269,0.471,0.3643204916179314,Medium
PAGE_1384,3230,492,545,37353,98850,6.01,0.0205,0.569,0.868,939,0.357,0.6267267745146197,Medium
PAGE_1385,3551,975,631,45497,34259,21.11,0.0884,0.662,0.455,737,0.889,0.5060106746146112,Medium
PAGE_1386,855,992,133,13333,11616,46.73,0.1596,0.374,0.704,76,0.317,0.5053999902744999,Medium
PAGE_1387,3555,1435,422,45769,50592,32.23,0.0235,0.509,0.701,734,0.927,0.5997306774073328,Medium
PAGE_1388,1847,865,660,24584,29186,40.29,0.0157,0.625,0.312,992,0.427,0.5656284270974774,Medium
PAGE_1389,3704,198,674,25168,30580,23.85,0.118,0.444,0.557,883,0.92,0.414451986631046,Medium
PAGE_1390,3435,246,853,291,52191,18.72,0.0898,0.269,0.815,166,0.833,0.584117259011637,Medium
PAGE_1391,2363,407,637,25174,47866,6.31,0.1152,0.917,0.48,283,0.666,0.4029251250121114,Medium
PAGE_1392,626,148,463,5017,38837,43.92,0.073,0.535,0.856,703,0.736,0.48294267136793234,Medium
PAGE_1393,3677,219,360,38699,9365,39.37,0.0495,0.724,0.272,88,0.461,0.369000611026684,Medium
PAGE_1394,3556,796,172,25932,71090,9.24,0.1754,0.449,0.159,543,0.659,0.3679903940466802,Medium
PAGE_1395,1103,399,829,43028,91817,26.1,0.1335,0.402,0.813,648,0.434,0.643305559455907,Medium
PAGE_1396,3949,178,569,20806,15486,24.88,0.058,0.446,0.778,155,0.522,0.5366742685777981,Medium
PAGE_1397,2428,681,307,13782,37525,31.63,0.0867,0.448,0.894,249,0.812,0.5177210205304698,Medium
PAGE_1398,1513,799,262,26862,43354,47.36,0.152,0.563,0.644,94,0.395,0.4932448417126026,Medium
PAGE_1399,550,403,558,23483,89963,29.41,0.0273,0.562,0.849,16,0.871,0.5086903926250734,Medium
PAGE_1400,3600,810,600,27896,53734,27.47,0.0454,0.523,0.762,116,0.501,0.6416942823682947,Medium
PAGE_1401,3867,189,119,23766,86817,3.47,0.0276,0.215,0.776,982,0.626,0.4072814114535847,Medium
PAGE_1402,3868,380,521,25762,47762,4.08,0.205,0.522,0.555,332,0.954,0.2752974481792847,Low
PAGE_1403,3326,1341,228,45259,87088,10.18,0.1906,0.244,0.406,822,0.745,0.4677723187470382,Medium
PAGE_1404,1930,1341,391,34742,99387,2.59,0.1908,0.207,0.848,521,0.716,0.6089628631604007,Medium
PAGE_1405,2292,921,470,41930,87627,37.42,0.1819,0.893,0.446,79,0.769,0.383152844536898,Medium
PAGE_1406,3361,1279,55,37631,75552,36.44,0.1707,0.614,0.531,645,0.934,0.40016176442492357,Medium
PAGE_1407,2136,552,54,10334,10243,7.67,0.1245,0.661,0.457,431,0.399,0.33439793052554084,Low
PAGE_1408,3976,551,423,9321,91491,41.97,0.1641,0.442,0.552,202,0.691,0.45834184866604843,Medium
PAGE_1409,3917,812,536,11510,15681,8.58,0.0192,0.873,0.476,115,0.52,0.5771721562102045,Medium
PAGE_1410,2145,302,330,14619,67543,15.76,0.1592,0.642,0.138,962,0.209,0.34023768455282355,Low
PAGE_1411,2967,965,368,1151,29524,13.2,0.1967,0.754,0.806,219,0.3,0.5283544072895744,Medium
PAGE_1412,1705,1455,296,45093,88944,19.24,0.1301,0.413,0.456,252,0.46,0.5698523271926811,Medium
PAGE_1413,3530,212,490,9865,42084,13.48,0.0958,0.916,0.571,168,0.652,0.3933807719036306,Medium
PAGE_1414,3372,517,722,11482,41605,24.96,0.0766,0.797,0.211,846,0.905,0.45857212477881043,Medium
PAGE_1415,3572,875,485,12680,62799,20.96,0.1643,0.826,0.103,315,0.833,0.35228354263971207,Medium
PAGE_1416,2354,153,389,32423,27057,49.34,0.1763,0.246,0.296,716,0.643,0.3850477080743549,Medium
PAGE_1417,1066,1014,97,44857,25564,3.74,0.219,0.33,0.664,809,0.259,0.44871421632016506,Medium
PAGE_1418,2918,819,892,12039,23749,7.97,0.0922,0.343,0.179,371,0.429,0.6351614458008057,Medium
PAGE_1419,1435,443,441,30064,42165,3.59,0.1947,0.33,0.827,759,0.493,0.5391468811922905,Medium
PAGE_1420,2434,1225,520,407,92761,31.67,0.1447,0.827,0.272,876,0.697,0.4265638702014923,Medium
PAGE_1421,3208,1341,862,3459,34858,3.67,0.2219,0.127,0.264,976,0.252,0.6602748611861102,High
PAGE_1422,3516,1488,78,29748,5696,41.99,0.1367,0.165,0.245,582,0.624,0.5226971323600605,Medium
PAGE_1423,1832,715,716,36044,16474,26.08,0.1342,0.333,0.111,155,0.921,0.4659079682784429,Medium
PAGE_1424,3708,142,593,34119,3875,26.82,0.1487,0.27,0.717,613,0.764,0.42314927855812867,Medium
PAGE_1425,701,917,131,38234,27488,28.52,0.1898,0.297,0.8,12,0.838,0.44219511895013297,Medium
PAGE_1426,2860,151,245,27423,21129,9.37,0.2415,0.778,0.591,507,0.745,0.229897323620849,Low
PAGE_1427,616,1275,467,6326,84081,10.69,0.0277,0.579,0.251,464,0.365,0.5741481238088647,Medium
PAGE_1428,1436,68,729,21789,53739,16.62,0.0228,0.105,0.328,782,0.288,0.6383384127184468,Medium
PAGE_1429,1074,526,598,31071,14745,30.08,0.235,0.465,0.481,803,0.864,0.38498603354941935,Medium
PAGE_1430,2791,809,588,26054,31205,11.3,0.1372,0.447,0.863,219,0.756,0.5847047929205165,Medium
PAGE_1431,1036,1286,188,24523,13768,6.7,0.1576,0.197,0.298,14,0.66,0.4496320536570848,Medium
PAGE_1432,2125,972,518,30491,16060,48.54,0.1258,0.675,0.685,749,0.351,0.5857494808367438,Medium
PAGE_1433,2622,178,715,14430,11457,2.08,0.0325,0.697,0.452,116,0.683,0.5057729079067198,Medium
PAGE_1434,885,1450,271,4991,64704,40.33,0.1943,0.713,0.338,330,0.225,0.48971109754492775,Medium
PAGE_1435,3781,1051,823,5092,51896,39.61,0.1893,0.719,0.465,55,0.295,0.5621768189468777,Medium
PAGE_1436,974,690,782,2061,15904,15.56,0.0848,0.1,0.157,350,0.45,0.5668196255473934,Medium
PAGE_1437,917,331,34,12597,14726,7.65,0.0835,0.911,0.739,131,0.555,0.31649730851585056,Low
PAGE_1438,2894,1413,625,32651,28232,8.14,0.2111,0.792,0.295,994,0.296,0.5180998903498242,Medium
PAGE_1439,3187,267,849,10948,8051,35.17,0.0274,0.868,0.68,225,0.296,0.5559493315619669,Medium
PAGE_1440,1438,676,390,13355,6549,32.5,0.2215,0.113,0.155,307,0.781,0.36001160016684897,Medium
PAGE_1441,1454,692,488,4667,19165,39.35,0.0716,0.894,0.864,474,0.656,0.5095940186032524,Medium
PAGE_1442,1375,265,277,48947,9230,46.94,0.1523,0.788,0.254,905,0.627,0.2896925348406702,Low
PAGE_1443,1262,232,595,39381,89460,34.9,0.2346,0.812,0.806,221,0.562,0.4199209061715086,Medium
PAGE_1444,1702,285,702,48103,62387,8.64,0.1727,0.179,0.748,172,0.981,0.45572679938364646,Medium
PAGE_1445,1705,627,451,20489,51802,12.93,0.1095,0.728,0.874,339,0.24,0.5547177785562577,Medium
PAGE_1446,1163,691,767,44623,37093,42.27,0.1755,0.916,0.482,796,0.345,0.47789687460158076,Medium
PAGE_1447,524,264,44,44019,31975,11.26,0.0926,0.677,0.682,505,0.718,0.31781682028866437,Low
PAGE_1448,2490,1398,765,16667,6154,4.55,0.0765,0.585,0.397,820,0.309,0.6764658231108104,High
PAGE_1449,1703,563,602,3458,99909,35.46,0.2492,0.904,0.247,156,0.672,0.3040891805020506,Low
PAGE_1450,1209,889,151,23099,48617,20.72,0.1902,0.476,0.454,150,0.654,0.3940807768777707,Medium
PAGE_1451,2379,799,306,42458,76468,46.08,0.1647,0.609,0.233,696,0.977,0.31285259433602713,Low
PAGE_1452,1684,570,587,11088,29770,32.86,0.0953,0.505,0.886,177,0.907,0.5571843633459976,Medium
PAGE_1453,2724,242,482,40546,49212,5.43,0.0218,0.893,0.177,532,0.956,0.2743657663271407,Low
PAGE_1454,784,492,419,31621,88488,47.44,0.0175,0.165,0.571,111,0.291,0.6470797198757896,Medium
PAGE_1455,562,465,323,5798,89256,13.67,0.143,0.526,0.601,682,0.895,0.3639226677995166,Medium
PAGE_1456,1502,312,603,1373,28407,17.52,0.1929,0.684,0.53,137,0.303,0.4356450125019204,Medium
PAGE_1457,1161,1460,627,27643,67187,20.71,0.139,0.773,0.63,232,0.706,0.5729615356490907,Medium
PAGE_1458,3213,117,475,31449,48022,3.51,0.2118,0.596,0.193,331,0.776,0.28839481685323465,Low
PAGE_1459,2703,1097,239,11341,63180,25.33,0.018,0.873,0.544,541,0.329,0.5134690310086995,Medium
PAGE_1460,1992,490,619,9597,93448,7.04,0.098,0.901,0.33,892,0.706,0.38283311207230397,Medium
PAGE_1461,3620,307,743,41975,79435,20.65,0.0669,0.155,0.852,306,0.242,0.699171234601374,High
PAGE_1462,1466,450,331,32803,26412,18.18,0.1173,0.442,0.71,160,0.435,0.43718019067429775,Medium
PAGE_1463,1348,1406,252,44141,67085,38.87,0.0274,0.12,0.878,401,0.937,0.649151667739959,Medium
PAGE_1464,1607,725,763,32054,57708,40.36,0.239,0.38,0.13,589,0.337,0.46084033210752257,Medium
PAGE_1465,3932,544,32,8102,90062,8.52,0.0636,0.556,0.328,277,0.252,0.3892375692107981,Medium
PAGE_1466,1188,732,547,4347,40377,18.96,0.2314,0.874,0.256,319,0.555,0.30521164010761065,Low
PAGE_1467,647,48,122,42088,31651,19.29,0.1122,0.82,0.109,532,0.88,0.2007101727631822,Low
PAGE_1468,841,52,549,21798,89913,8.42,0.2465,0.208,0.294,896,0.261,0.40954811030962285,Medium
PAGE_1469,3023,442,457,19838,56697,40.12,0.143,0.179,0.643,496,0.484,0.50152045280644,Medium
PAGE_1470,1586,1083,522,10803,45312,35.65,0.2334,0.601,0.285,362,0.92,0.38002326270988296,Medium
PAGE_1471,2224,137,264,48340,9737,10.33,0.0113,0.552,0.507,371,0.295,0.43636686390570495,Medium
PAGE_1472,1883,1420,649,49522,43358,18.97,0.1896,0.326,0.81,891,0.449,0.6589599802523406,High
PAGE_1473,3108,1334,190,17670,35793,6.18,0.2267,0.865,0.655,654,0.823,0.37316849881134717,Medium
PAGE_1474,826,1181,750,12492,9924,31.78,0.0435,0.888,0.416,35,0.635,0.5839018475859078,Medium
PAGE_1475,2292,1282,781,44824,27050,6.95,0.0331,0.442,0.398,302,0.866,0.6498907972481373,Medium
PAGE_1476,2259,1164,360,32399,23588,49.31,0.1119,0.857,0.465,437,0.289,0.4617344275800343,Medium
PAGE_1477,3712,165,362,15741,315,39.25,0.2341,0.426,0.242,725,0.936,0.2558397232211888,Low
PAGE_1478,1489,391,79,14098,11623,20.12,0.1402,0.726,0.607,31,0.948,0.22375400225308756,Low
PAGE_1479,2762,1239,552,6405,76000,29.35,0.1366,0.505,0.391,185,0.324,0.6031526710244142,Medium
PAGE_1480,2982,158,892,32826,68789,45.66,0.0439,0.204,0.782,173,0.227,0.6891995602554353,High
PAGE_1481,1451,1314,697,18882,23934,28.15,0.0102,0.889,0.705,565,0.992,0.6303126842812685,Medium
PAGE_1482,1222,544,521,12821,34574,9.55,0.2044,0.486,0.588,672,0.586,0.4228369184299839,Medium
PAGE_1483,3889,478,611,39863,43166,19.56,0.031,0.724,0.391,249,0.658,0.5056863114253225,Medium
PAGE_1484,2579,1157,710,12527,99971,42.31,0.1621,0.412,0.268,762,0.693,0.5042126476956797,Medium
PAGE_1485,3217,1277,301,46650,10500,32.57,0.2295,0.116,0.721,934,0.832,0.5185821915833477,Medium
PAGE_1486,2832,903,609,20666,10445,32.89,0.0601,0.185,0.489,278,0.85,0.5266333042467617,Medium
PAGE_1487,3876,502,896,2330,33996,43.47,0.1697,0.522,0.28,682,0.355,0.5511663332805579,Medium
PAGE_1488,928,1063,281,6611,85530,44.8,0.0289,0.686,0.256,694,0.389,0.5657939798779641,Medium
PAGE_1489,2000,1458,589,49380,28999,46.07,0.1549,0.385,0.232,1,0.901,0.5033022222146764,Medium
PAGE_1490,785,331,725,42329,28329,5.65,0.0493,0.691,0.722,193,0.856,0.5055933614538839,Medium
PAGE_1491,3715,260,861,26277,5683,27.66,0.1866,0.694,0.283,165,0.694,0.41160513774385604,Medium
PAGE_1492,3995,952,728,4865,4997,37.28,0.0823,0.698,0.521,758,0.996,0.4668734611965329,Medium
PAGE_1493,3590,1119,119,20454,71637,38.09,0.1212,0.519,0.461,924,0.788,0.4035512435407371,Medium
PAGE_1494,2565,966,475,24029,4667,30.73,0.1539,0.878,0.564,755,0.373,0.464635260996431,Medium
PAGE_1495,1268,141,361,28920,74907,9.17,0.0511,0.516,0.802,109,0.877,0.5019241317352812,Medium
PAGE_1496,3137,1066,168,46140,77339,40.07,0.188,0.483,0.794,379,0.532,0.5148907375974775,Medium
PAGE_1497,1894,1446,386,29623,13429,36.29,0.0826,0.269,0.461,834,0.229,0.6669552918302947,High
PAGE_1498,3746,529,630,5652,71892,5.22,0.169,0.362,0.112,998,0.457,0.47645455565435346,Medium
PAGE_1499,3557,961,303,727,328,23.73,0.048,0.136,0.441,582,0.811,0.5471041521979282,Medium
PAGE_1500,693,627,48,12089,90382,9.52,0.1751,0.639,0.585,675,0.968,0.3036977848845591,Low
